indice,demanda_real_mw,demanda_predicha_mw,error_mw
14892,413.5,420.69696,-7.1969604
14893,424.41998,419.56793,4.852051
14894,394.81,437.26178,-42.451782
14895,494.02,477.94006,16.079926
14896,533.33,550.2669,-16.93689
14897,580.42,635.11786,-54.697876
14898,671.75,697.0659,-25.315918
14899,697.47,718.99634,-21.526367
14900,652.57,693.17487,-40.60486
14901,646.13,651.0309,-4.900879
14902,602.34,615.90063,-13.560608
14903,535.95,643.0155,-107.06549
14904,686.8,685.6022,1.197815
14905,662.19,686.99097,-24.800964
14906,694.28,667.80176,26.478271
14907,643.43,667.2956,-23.8656
14908,664.42,678.1943,-13.774292
14909,689.81,699.69214,-9.882141
14910,732.53,712.95886,19.571167
14911,693.17,713.04834,-19.878357
14912,693.76,685.61743,8.142578
14913,642.53,635.00854,7.5214844
14914,626.0,588.26447,37.735535
14915,495.17,552.08655,-56.916534
14916,584.7,526.9404,57.759583
14917,499.31,528.9486,-29.63861
14918,526.56,553.59784,-27.037842
14919,644.75,593.70197,51.048035
14920,637.64,659.4679,-21.82788
14921,711.24,721.83826,-10.598267
14922,796.94,773.36664,23.573364
14923,810.01,790.44995,19.560059
14924,807.07,777.6725,29.397522
14925,763.23,748.522,14.708008
14926,687.19,714.0656,-26.87561
14927,689.83,676.90466,12.925354
14928,706.38,650.03516,56.34485
14929,675.19,648.7619,26.4281
14930,650.37,649.74384,0.62615967
14931,653.42,663.6508,-10.230835
14932,666.66,675.2612,-8.601257
14933,658.86,696.6993,-37.839294
14934,736.48,711.9233,24.556702
14935,702.85,703.5302,-0.6802368
14936,682.96,671.4741,11.485901
14937,717.38,623.7504,93.62958
14938,584.28,581.3236,2.956421
14939,558.46,548.3999,10.06012
14940,558.84,527.4474,31.39264
14941,551.35,526.5685,24.781494
14942,534.17,542.55914,-8.38916
14943,574.59,581.4805,-6.890503
14944,636.37,632.2885,4.081482
14945,677.81,717.2628,-39.45282
14946,755.53,784.68835,-29.158325
14947,811.0,806.8388,4.161194
14948,759.87,793.8691,-33.999084
14949,701.77,763.2954,-61.52539
14950,704.87,725.29224,-20.422241
14951,713.89,687.94666,25.94336
14952,609.4,660.6629,-51.26288
14953,658.97,651.0434,7.9265747
14954,665.98,652.9077,13.072266
14955,659.35,662.6221,-3.2720947
14956,622.87,676.28284,-53.41284
14957,672.54,712.2908,-39.750793
14958,685.83,719.7055,-33.87549
14959,766.63,709.0768,57.553223
14960,684.32,680.2895,4.0305176
14961,651.24,633.5419,17.69812
14962,575.89,577.49475,-1.6047363
14963,570.98,541.13837,29.841614
14964,540.06,524.2776,15.78241
14965,528.47,531.6441,-3.1741333
14966,571.31,562.0474,9.262573
14967,579.45,603.8983,-24.448303
14968,615.53,664.00555,-48.475525
14969,688.91,742.3457,-53.43573
14970,768.55,789.325,-20.775024
14971,797.58,794.6862,2.8937988
14972,724.76,771.3195,-46.55951
14973,733.33,737.854,-4.523987
14974,674.6,703.65234,-29.052368
14975,635.79,672.92456,-37.134583
14976,693.15,649.4541,43.695923
14977,654.9,653.08234,1.817688
14978,626.51,659.8427,-33.332703
14979,647.94,662.9029,-14.962891
14980,645.89,677.1161,-31.226074
14981,659.03,702.50946,-43.47943
14982,706.79,715.5438,-8.753845
14983,724.83,703.849,20.981018
14984,703.35,665.87054,37.47943
14985,629.03,618.2926,10.737427
14986,573.23,578.1906,-4.9606323
14987,520.92,543.5284,-22.608398
14988,539.92,527.4978,12.42218
14989,555.76,532.10345,23.656555
14990,531.17,559.12537,-27.955383
14991,586.4,602.70624,-16.306213
14992,651.64,667.9643,-16.32428
14993,706.38,752.80035,-46.42035
14994,751.01,803.76685,-52.756836
14995,807.12,808.9341,-1.8140869
14996,788.11,788.804,-0.69403076
14997,736.26,757.8519,-21.591919
14998,722.63,723.64905,-1.019043
14999,700.32,687.66034,12.659668
15000,706.53,657.5589,48.97113
15001,656.6,662.72943,-6.1294556
15002,659.63,670.3975,-10.767517
15003,626.25,671.1926,-44.942627
15004,678.55,684.7982,-6.24823
15005,674.16,710.18805,-36.028076
15006,706.15,723.809,-17.658997
15007,663.23,714.36945,-51.139465
15008,651.91,687.43176,-35.52179
15009,644.21,632.65985,11.550171
15010,546.97,579.87354,-32.903564
15011,560.98,546.60614,14.37384
15012,548.62,532.95264,15.667358
15013,581.59,540.4029,41.187134
15014,532.77,571.01526,-38.24524
15015,600.92,612.7487,-11.828735
15016,702.64,683.8789,18.761108
15017,678.0,765.02386,-87.023865
15018,781.1,808.28644,-27.186462
15019,784.84,810.87415,-26.034119
15020,751.98,792.5526,-40.57263
15021,702.35,765.4863,-63.136353
15022,699.32,734.0213,-34.701294
15023,694.17,681.8613,12.308655
15024,547.13,586.23096,-39.100952
15025,528.76,562.8711,-34.111084
15026,564.46,566.0341,-1.5740967
15027,557.11,568.2578,-11.147827
15028,618.64,572.41956,46.22046
15029,584.48,599.09515,-14.615173
15030,610.79,620.08154,-9.291565
15031,587.93,613.3057,-25.375732
15032,601.21,579.012,22.197998
15033,516.91,528.2482,-11.338257
15034,478.33,475.95087,2.3791199
15035,440.38,441.75708,-1.3770752
15036,445.83,425.1184,20.711578
15037,427.53,427.71356,-0.18356323
15038,441.91,451.0303,-9.1203
15039,499.92,496.061,3.8590088
15040,564.7,570.6861,-5.986084
15041,620.76,649.84937,-29.089355
15042,676.66,710.25275,-33.592773
15043,684.12,731.6606,-47.54059
15044,677.02,711.7564,-34.73639
15045,646.84,669.6336,-22.79358
15046,613.44,628.31146,-14.87146
15047,565.11,591.73785,-26.627869
15048,550.8,567.004,-16.20404
15049,578.48,566.8248,11.655151
15050,564.12,575.0628,-10.94281
15051,559.26,573.795,-14.534973
15052,548.6,575.5843,-26.984314
15053,567.27,589.49884,-22.22882
15054,577.1,607.2686,-30.16864
15055,590.62,607.1092,-16.489197
15056,585.07,579.4224,5.647583
15057,538.36,526.18726,12.1727295
15058,443.95,471.1648,-27.214783
15059,478.78,437.28012,41.499878
15060,407.89,421.17474,-13.284729
15061,377.52,421.5276,-44.0076
15062,432.54,443.50793,-10.967926
15063,449.7,492.56458,-42.864563
15064,497.29,560.65894,-63.368927
15065,603.19,634.12305,-30.933044
15066,688.43,705.55,-17.119995
15067,663.67,731.19305,-67.52307
15068,599.11,697.03076,-97.92078
15069,609.16,641.9768,-32.816833
15070,600.6,615.1513,-14.551331
15071,540.27,644.8249,-104.55487
15072,651.89,682.4502,-30.56018
15073,622.8,684.4224,-61.622437
15074,650.5,661.50287,-11.002869
15075,647.55,655.57764,-8.027649
15076,656.66,669.9614,-13.301453
15077,666.5,696.35205,-29.85205
15078,677.14,714.39264,-37.252625
15079,729.22,716.0829,13.137085
15080,674.63,692.0377,-17.407715
15081,686.13,639.8722,46.257812
15082,615.23,590.77405,24.455933
15083,587.78,552.76965,35.010376
15084,523.39,529.2428,-5.852783
15085,522.78,526.2017,-3.421692
15086,525.62,541.76025,-16.140259
15087,591.77,574.8304,16.939636
15088,635.62,635.6188,0.0012207031
15089,699.27,719.9009,-20.63086
15090,754.45,783.0261,-28.57611
15091,795.8,795.32886,0.47113037
15092,801.52,777.26904,24.250977
15093,733.35,743.4107,-10.06073
15094,693.1,707.82416,-14.724182
15095,638.19,674.3799,-36.18988
15096,643.73,644.57544,-0.845459
15097,666.83,641.799,25.031006
15098,648.01,648.9046,-0.8945923
15099,602.39,655.2186,-52.828613
15100,653.38,673.29,-19.909973
15101,673.65,695.3221,-21.672058
15102,704.39,710.3363,-5.946289
15103,744.63,703.8377,40.792297
15104,720.69,678.29834,42.391663
15105,633.3,634.67035,-1.3703613
15106,595.28,585.0285,10.251526
15107,546.29,548.1952,-1.9052124
15108,548.23,528.00885,20.22113
15109,528.9,523.07916,5.820862
15110,560.93,541.4622,19.467773
15111,572.68,584.7354,-12.05542
15112,599.63,647.1546,-47.524597
15113,683.39,725.3762,-41.986206
15114,758.99,783.0025,-24.012512
15115,808.04,793.6997,14.340271
15116,771.8,774.6059,-2.8059082
15117,728.81,745.16284,-16.352844
15118,735.28,707.50464,27.77539
15119,669.52,675.4243,-5.904297
15120,640.4,649.7583,-9.358276
15121,652.11,650.0038,2.1062012
15122,650.39,654.3525,-3.9624634
15123,636.26,660.7118,-24.451782
15124,636.69,677.62164,-40.93164
15125,668.67,697.8277,-29.157715
15126,670.94,728.24207,-57.302063
15127,694.89,713.26776,-18.377747
15128,664.42,674.9731,-10.553101
15129,643.8,617.25,26.549988
15130,599.75,565.7868,33.963196
15131,550.69,534.51074,16.17926
15132,524.97,524.3044,0.6655884
15133,535.43,536.65076,-1.2207642
15134,564.95,561.19727,3.7527466
15135,571.0,611.13654,-40.136536
15136,633.12,676.2578,-43.137817
15137,742.21,752.87506,-10.665039
15138,746.13,798.74365,-52.613647
15139,782.17,801.6772,-19.507202
15140,751.41,781.4669,-30.056946
15141,723.06,752.4343,-29.374329
15142,686.65,718.85895,-32.208923
15143,673.14,682.5789,-9.438904
15144,666.96,657.662,9.298035
15145,647.67,652.2475,-4.5775146
15146,673.65,655.33984,18.31018
15147,648.4,663.2203,-14.820251
15148,636.98,685.5829,-48.602905
15149,672.77,707.26086,-34.490845
15150,672.44,719.31213,-46.87213
15151,695.35,703.602,-8.252014
15152,669.25,669.5871,-0.33709717
15153,684.51,626.3922,58.117798
15154,610.88,578.5398,32.34021
15155,536.63,546.7242,-10.094177
15156,528.87,527.1918,1.6782227
15157,547.83,530.52167,17.30835
15158,552.97,552.5328,0.43719482
15159,568.28,589.50653,-21.226501
15160,561.0,653.319,-92.31897
15161,679.66,732.1481,-52.4881
15162,745.39,790.47614,-45.08612
15163,798.89,805.703,-6.8129883
15164,793.06,787.36084,5.6991577
15165,716.1,757.87805,-41.778076
15166,713.41,724.83344,-11.423462
15167,651.33,689.64545,-38.31543
15168,662.63,658.31757,4.312439
15169,598.43,656.526,-58.09601
15170,626.92,655.59955,-28.679565
15171,626.99,658.5129,-31.522888
15172,622.45,672.64636,-50.19635
15173,677.39,697.8853,-20.4953
15174,658.51,713.90344,-55.393433
15175,689.23,710.68024,-21.450256
15176,682.14,676.23627,5.9037476
15177,593.97,621.42566,-27.455688
15178,563.59,569.9331,-6.3430786
15179,566.32,539.4671,26.852905
15180,545.04,529.7556,15.284363
15181,563.77,536.6167,27.15332
15182,573.11,562.3415,10.768494
15183,562.28,606.9347,-44.654663
15184,637.08,673.08075,-36.000732
15185,732.0,754.48895,-22.488953
15186,784.24,797.5259,-13.285889
15187,761.14,804.25574,-43.115723
15188,781.64,786.68054,-5.0405273
15189,710.75,760.6964,-49.94641
15190,688.83,727.7903,-38.960266
15191,680.58,670.1105,10.469543
15192,548.9,565.0307,-16.130676
15193,528.69,543.95355,-15.26355
15194,503.18,549.9085,-46.728516
15195,533.53,548.5962,-15.066162
15196,546.98,557.48413,-10.50415
15197,513.86,579.9493,-66.089294
15198,572.06,595.749,-23.689026
15199,581.44,605.0304,-23.590393
15200,566.85,573.56024,-6.710266
15201,513.29,522.1169,-8.826904
15202,446.03,472.16867,-26.138672
15203,416.18,438.0023,-21.822296
15204,414.76,418.5796,-3.81958
15205,405.47,432.87177,-27.401764
15206,405.29,453.54877,-48.25876
15207,468.97,498.96082,-29.990814
15208,523.78,561.98145,-38.201416
15209,585.3,630.1787,-44.878723
15210,663.34,687.89935,-24.559326
15211,689.37,713.7424,-24.372375
15212,692.81,698.69666,-5.8866577
15213,548.13,664.90643,-116.77643
15214,567.42,616.932,-49.512024
15215,591.08,582.0906,8.989441
15216,509.11,558.21576,-49.105774
15217,567.55,550.31006,17.23993
15218,537.61,554.0857,-16.475708
15219,543.85,553.6806,-9.830627
15220,532.02,556.089,-24.06897
15221,583.25,570.01196,13.238037
15222,595.32,586.65515,8.664856
15223,612.45,587.7091,24.740906
15224,537.88,573.2141,-35.334106
15225,517.6,526.15857,-8.558594
15226,413.64,476.33456,-62.69455
15227,459.42,434.9195,24.500519
15228,443.88,415.48444,28.395569
15229,410.76,413.00235,-2.24234
15230,441.32,433.034,8.286011
15231,443.56,477.9472,-34.387207
15232,532.81,539.90497,-7.0949707
15233,574.64,608.07886,-33.438843
15234,625.23,674.99927,-49.769287
15235,653.18,711.91327,-58.733276
15236,660.57,686.4184,-25.848389
15237,625.38,647.1383,-21.7583
15238,564.17,617.16016,-52.990173
15239,538.05,617.9222,-79.87219
15240,606.0,666.45715,-60.457153
15241,626.34,671.3396,-44.999573
15242,657.74,652.5522,5.187805
15243,654.1,648.6649,5.4350586
15244,675.65,662.7845,12.86554
15245,613.22,687.4522,-74.23224
15246,708.43,702.3823,6.0476685
15247,663.13,707.7231,-44.59308
15248,684.47,685.8101,-1.3401489
15249,640.08,640.8051,-0.72509766
15250,573.56,590.61426,-17.05426
15251,553.83,547.99963,5.8303833
15252,564.39,526.96497,37.42505
15253,530.48,526.0619,4.418091
15254,524.51,542.13214,-17.622131
15255,567.81,581.1663,-13.356323
15256,607.5,635.9908,-28.490784
15257,684.31,714.4315,-30.121521
15258,747.42,779.2179,-31.797913
15259,786.32,796.0482,-9.72821
15260,727.23,779.1625,-51.932495
15261,737.44,749.5339,-12.093872
15262,695.38,715.1446,-19.764587
15263,689.49,677.4365,12.053467
15264,634.61,648.3098,-13.699829
15265,658.52,638.6997,19.820312
15266,618.73,637.9428,-19.21283
15267,624.38,645.76776,-21.387756
15268,657.15,664.9832,-7.833191
15269,650.67,686.2282,-35.558228
15270,704.65,707.6964,-3.0463867
15271,658.27,713.57605,-55.30603
15272,682.13,689.3023,-7.1723022
15273,655.63,635.53204,20.097961
15274,596.39,582.2537,14.1362915
15275,579.91,544.7012,35.2088
15276,544.52,524.0249,20.495117
15277,510.78,526.63635,-15.856354
15278,528.35,544.6912,-16.341248
15279,593.63,589.60895,4.021057
15280,637.15,650.77716,-13.627136
15281,685.89,725.997,-40.106995
15282,759.85,777.17523,-17.325256
15283,748.26,787.4768,-39.216797
15284,750.25,768.5185,-18.268494
15285,752.91,731.9242,20.985779
15286,689.79,689.137,0.6529541
15287,653.09,656.75336,-3.66333
15288,640.01,635.61304,4.3969727
15289,633.97,641.61523,-7.6452637
15290,638.37,649.1738,-10.803833
15291,658.28,656.3281,1.9519043
15292,651.48,672.2468,-20.766846
15293,612.91,710.1237,-97.213745
15294,728.05,728.5124,-0.46240234
15295,698.44,713.76794,-15.327942
15296,669.8,681.6803,-11.88031
15297,656.64,624.97266,31.667358
15298,636.93,573.5226,63.40741
15299,560.86,540.32983,20.530151
15300,521.25,520.74506,0.50494385
15301,521.35,526.00287,-4.652893
15302,555.2,552.26434,2.935669
15303,554.64,595.5683,-40.928284
15304,632.24,663.29333,-31.053345
15305,667.14,740.2565,-73.116455
15306,797.95,784.24634,13.703674
15307,742.83,786.59766,-43.76764
15308,753.71,757.29877,-3.588745
15309,740.66,722.9673,17.692688
15310,693.97,692.765,1.204956
15311,666.35,667.1094,-0.7593994
15312,632.05,651.52026,-19.470276
15313,654.15,648.9776,5.1724243
15314,620.62,646.9799,-26.359924
15315,636.16,654.3673,-18.207336
15316,668.12,662.2407,5.8792725
15317,655.96,690.10675,-34.14673
15318,715.24,709.5161,5.723877
15319,687.15,703.8512,-16.701172
15320,710.17,665.8258,44.344177
15321,686.37,605.09796,81.27203
15322,591.98,567.7466,24.233398
15323,580.07,537.6987,42.371277
15324,553.71,523.4127,30.297302
15325,512.53,533.24646,-20.71643
15326,585.21,556.5323,28.677734
15327,554.02,602.8804,-48.86035
15328,622.91,665.5891,-42.67914
15329,698.95,742.56744,-43.61743
15330,770.03,785.4956,-15.465576
15331,767.95,786.8033,-18.853271
15332,751.29,763.3944,-12.104431
15333,727.36,732.84546,-5.4854736
15334,730.34,701.4105,28.929504
15335,677.08,670.2985,6.781494
15336,678.99,647.3961,31.593872
15337,629.73,643.82495,-14.094971
15338,670.24,648.4851,21.754883
15339,632.13,657.4991,-25.36908
15340,611.69,675.3862,-63.696228
15341,654.52,695.2815,-40.761475
15342,679.63,715.0699,-35.43988
15343,655.65,718.83594,-63.185913
15344,731.71,678.4607,53.24933
15345,596.96,627.8903,-30.930298
15346,603.88,568.9217,34.958313
15347,540.05,537.9104,2.1395874
15348,552.87,526.991,25.878967
15349,522.13,534.33234,-12.202332
15350,569.55,558.1011,11.448914
15351,596.98,606.31024,-9.330261
15352,623.0,678.3524,-55.352417
15353,703.29,750.14813,-46.858154
15354,747.87,787.6078,-39.737793
15355,709.72,791.1631,-81.443115
15356,736.33,770.2289,-33.898865
15357,760.93,741.3167,19.613281
15358,703.4,713.9007,-10.500671
15359,651.29,665.56836,-14.278381
15360,535.09,577.1071,-42.01709
15361,543.71,540.04315,3.66687
15362,543.93,540.5088,3.4212036
15363,577.23,539.6212,37.608765
15364,551.78,549.8931,1.8869019
15365,578.44,572.5595,5.880493
15366,597.59,593.05695,4.533081
15367,570.84,595.457,-24.616943
15368,585.55,563.16345,22.386536
15369,530.38,512.88116,17.49884
15370,470.38,468.1435,2.2365112
15371,472.78,438.0984,34.68161
15372,454.91,423.9851,30.924896
15373,412.44,425.2911,-12.851105
15374,479.3,438.0276,41.2724
15375,493.76,476.3645,17.395508
15376,551.98,534.8229,17.157104
15377,592.38,609.02075,-16.640747
15378,603.56,669.7095,-66.149475
15379,634.04,694.93646,-60.896484
15380,650.16,679.73114,-29.571167
15381,588.07,640.67444,-52.60443
15382,576.55,594.7289,-18.178894
15383,560.92,557.59753,3.3224487
15384,512.17,539.222,-27.052002
15385,543.54,544.17786,-0.6378784
15386,539.08,554.55316,-15.473145
15387,506.86,557.81036,-50.95038
15388,541.58,559.9728,-18.392761
15389,590.95,569.46234,21.48767
15390,580.13,591.3893,-11.259277
15391,543.46,586.2163,-42.756287
15392,538.96,557.04535,-18.085327
15393,550.04,516.58685,33.453125
15394,447.58,466.6732,-19.0932
15395,476.07,426.42404,49.645966
15396,406.13,411.15985,-5.029846
15397,412.52,410.18347,2.3365173
15398,439.55,430.33984,9.210144
15399,475.76,475.84027,-0.08026123
15400,539.64,547.24817,-7.6081543
15401,587.59,625.6664,-38.076355
15402,664.76,683.2401,-18.480103
15403,665.87,699.1875,-33.317505
15404,623.86,665.50165,-41.641663
15405,603.53,621.0013,-17.471252
15406,579.79,591.7397,-11.949707
15407,525.14,634.9009,-109.760864
15408,616.78,677.7535,-60.97345
15409,670.52,666.697,3.822998
15410,618.39,632.83795,-14.447937
15411,632.45,631.41516,1.0348511
15412,643.57,649.63916,-6.069153
15413,675.61,677.1065,-1.496521
15414,696.39,698.0232,-1.6331787
15415,663.53,701.15564,-37.62561
15416,696.04,675.48224,20.55774
15417,635.81,632.91583,2.894165
15418,579.08,586.79865,-7.718628
15419,607.46,554.32605,53.133972
15420,528.4,531.6315,-3.2314453
15421,541.9,529.1629,12.737122
15422,532.29,546.2758,-13.98584
15423,590.7,585.46875,5.231262
15424,592.15,646.6622,-54.512146
15425,683.74,717.53735,-33.797363
15426,728.5,771.52466,-43.02466
15427,759.98,783.4437,-23.463745
15428,741.18,765.1913,-24.011292
15429,737.93,734.0059,3.9240723
15430,672.93,698.55035,-25.620361
15431,649.84,658.10834,-8.268311
15432,639.01,633.0293,5.980713
15433,666.02,634.523,31.49701
15434,680.03,652.3687,27.661316
15435,622.67,655.3633,-32.6933
15436,632.38,668.9455,-36.56549
15437,667.56,697.1732,-29.61322
15438,698.33,712.1303,-13.800293
15439,726.55,705.46893,21.081055
15440,694.5,678.9687,15.531311
15441,660.79,632.87177,27.918213
15442,609.56,580.58136,28.978638
15443,545.61,542.1035,3.5064697
15444,543.15,524.63885,18.51117
15445,519.51,522.98193,-3.4719238
15446,132.90002,540.2334,-407.33337
15447,616.68,569.1633,47.516663
15448,1181.62,626.57666,555.04333
15449,707.77,711.3955,-3.6254883
15450,728.92,775.35974,-46.43976
15451,749.74,791.2104,-41.470398
15452,770.92,775.4922,-4.5722046
15453,701.31,739.4795,-38.169495
15454,730.69,704.036,26.653992
15455,661.71,671.5052,-9.795166
15456,680.31,643.8251,36.484924
15457,597.86,638.9765,-41.116516
15458,629.73,639.4062,-9.6762085
15459,676.18,648.28577,27.894226
15460,644.14,663.6108,-19.470764
15461,661.2,685.3327,-24.13269
15462,689.03,706.3101,-17.28009
15463,666.55,698.679,-32.12903
15464,667.76,668.30096,-0.5409546
15465,662.13,616.88727,45.242737
15466,537.18,569.2091,-32.029114
15467,562.64,533.6605,28.979492
15468,549.71,520.0048,29.7052
15469,515.67,527.18384,-11.513855
15470,570.31,548.3152,21.994812
15471,585.03,596.54266,-11.512634
15472,638.41,665.09125,-26.681274
15473,691.72,740.7868,-49.066833
15474,737.06,782.8554,-45.79541
15475,760.19,783.7439,-23.553894
15476,741.53,761.9334,-20.403381
15477,734.37,730.0573,4.312683
15478,716.74,694.38464,22.355347
15479,669.05,660.3735,8.676514
15480,619.33,633.54004,-14.210022
15481,582.97,630.7986,-47.828613
15482,642.34,642.7569,-0.41687012
15483,654.63,645.1898,9.440186
15484,624.0,664.03925,-40.039246
15485,662.64,693.63043,-30.990417
15486,659.0,706.4482,-47.44818
15487,705.35,709.5623,-4.2123413
15488,637.99,676.1689,-38.178894
15489,646.88,617.2288,29.651184
15490,582.79,565.1579,17.63208
15491,557.51,533.7691,23.740906
15492,545.82,521.59454,24.225464
15493,563.22,532.0513,31.168701
15494,574.29,558.90985,15.380127
15495,566.79,598.807,-32.01703
15496,674.15,663.7629,10.387146
15497,688.39,739.37787,-50.987854
15498,708.26,779.93005,-71.670044
15499,748.09,779.59875,-31.508728
15500,720.64,755.5993,-34.95929
15501,693.72,724.12274,-30.402771
15502,676.97,695.7441,-18.774109
15503,641.96,666.21454,-24.254517
15504,637.45,638.1475,-0.69750977
15505,623.1,639.0275,-15.927551
15506,677.44,644.63684,32.80316
15507,639.11,653.0713,-13.961304
15508,608.85,685.4984,-76.64844
15509,675.91,697.35284,-21.442871
15510,694.26,714.5033,-20.243286
15511,661.29,709.188,-47.89801
15512,667.65,674.93146,-7.281433
15513,619.18,627.7002,-8.520203
15514,596.38,572.5001,23.879883
15515,526.08,538.2701,-12.190063
15516,551.26,522.04663,29.213379
15517,541.63,525.5058,16.124207
15518,573.6,543.7573,29.842651
15519,554.04,589.5698,-35.529846
15520,630.55,644.36597,-13.815979
15521,699.27,728.24567,-28.975647
15522,749.85,783.4806,-33.630615
15523,777.52,794.36005,-16.840027
15524,758.77,777.2105,-18.44049
15525,716.81,748.35767,-31.547668
15526,711.71,714.3821,-2.672058
15527,682.89,662.5377,20.352295
15528,549.32,560.718,-11.39801
15529,512.84,536.83923,-23.999207
15530,483.66,540.64874,-56.98874
15531,519.85,545.18335,-25.333374
15532,523.47,548.4573,-24.987305
15533,592.73,566.98395,25.746033
15534,530.54,589.80835,-59.26837
15535,634.49,591.06445,43.425537
15536,580.49,570.56036,9.929626
15537,563.15,519.6324,43.51764
15538,535.41,476.17773,59.23224
15539,453.56,441.5497,12.010284
15540,431.18,418.74304,12.436951
15541,424.72998,418.76447,5.965515
15542,443.43,433.06183,10.368164
15543,461.22,471.57678,-10.356781
15544,523.07,531.67786,-8.607849
15545,579.41,607.06915,-27.65918
15546,624.52,671.5841,-47.064087
15547,667.0,697.87866,-30.878662
15548,614.03,683.7495,-69.71948
15549,606.37,642.0281,-35.65808
15550,584.94,593.0587,-8.118713
15551,503.54,554.11163,-50.571625
15552,476.41,531.34515,-54.93515
15553,531.27,529.236,2.0339966
15554,486.89,537.30457,-50.41455
15555,527.75,539.3634,-11.613403
15556,523.05,540.09827,-17.048279
15557,561.35,546.9377,14.4122925
15558,586.4,559.8064,26.593628
15559,550.59,567.22253,-16.632507
15560,594.24,543.9846,50.25537
15561,551.84,503.5338,48.306213
15562,491.11,464.0192,27.09079
15563,485.57,428.33383,57.236176
15564,435.18,412.2849,22.89508
15565,417.16998,410.751,6.418976
15566,450.76,426.66238,24.097626
15567,483.55,467.50787,16.042114
15568,524.29,522.7466,1.543396
15569,599.83,586.8416,12.988403
15570,642.42,647.17755,-4.7575684
15571,597.26,674.6732,-77.41321
15572,668.82,647.5362,21.283813
15573,610.47,606.22595,4.2440186
15574,592.67,578.8141,13.855896
15575,548.12,602.2733,-54.15332
15576,597.55,644.9416,-47.3916
15577,590.54,647.6072,-57.0672
15578,612.77,632.1215,-19.351501
15579,636.07,631.7016,4.368408
15580,620.83,649.4281,-28.598083
15581,681.8,674.84406,6.9559326
15582,675.39,701.62775,-26.237732
15583,720.85,710.7923,10.057678
15584,683.37,692.947,-9.577026
15585,649.0,643.0866,5.913391
15586,574.97,587.165,-12.195007
15587,537.36,541.4581,-4.0981445
15588,510.01,522.9944,-12.984375
15589,510.19,524.03766,-13.847656
15590,536.2,543.7174,-7.517395
15591,606.52,585.03375,21.486267
15592,675.05,640.6063,34.443665
15593,656.21,714.18066,-57.970642
15594,740.83,767.80743,-26.977417
15595,754.17,775.7484,-21.57843
15596,739.87,755.65137,-15.781372
15597,692.88,725.7849,-32.904907
15598,699.67,693.3302,6.3397827
15599,658.08,658.7214,-0.6413574
15600,643.52,632.0279,11.492126
15601,628.97,629.45447,-0.48449707
15602,584.51,628.757,-44.24701
15603,617.42,656.40674,-38.986755
15604,655.14,661.85284,-6.7128296
15605,663.14,688.6671,-25.5271
15606,688.84,712.1598,-23.319763
15607,712.94,707.0188,5.9212036
15608,660.25,675.1201,-14.870117
15609,654.31,627.101,27.208984
15610,656.61,570.8178,85.792175
15611,584.54,539.936,44.604004
15612,554.96,524.05646,30.903564
15613,551.81,529.5563,22.253723
15614,572.71,551.4004,21.309631
15615,588.52,590.05786,-1.5378418
15616,634.23,652.42413,-18.194153
15617,716.49,723.8398,-7.3497925
15618,685.03,768.9801,-83.95007
15619,714.58,774.3269,-59.746887
15620,711.31,753.94543,-42.635437
15621,700.85,722.3363,-21.486328
15622,688.91,683.27234,5.6376343
15623,686.55,649.0041,37.5459
15624,605.95,625.28375,-19.33374
15625,664.06,622.60144,41.458557
15626,616.41,630.3071,-13.897156
15627,648.19,651.4307,-3.2407227
15628,636.22,665.85333,-29.633362
15629,628.64,685.9898,-57.349792
15630,709.96,704.73047,5.229553
15631,673.31,702.09924,-28.789246
15632,637.69,665.0964,-27.406372
15633,649.48,608.57916,40.900818
15634,619.19,560.7534,58.436584
15635,596.7,535.3466,61.353394
15636,559.61,529.4651,30.144897
15637,551.01,531.4498,19.56018
15638,526.58,553.61664,-27.036621
15639,536.12,593.9845,-57.864502
15640,591.46,654.3799,-62.91986
15641,707.2,728.5614,-21.36139
15642,747.53,770.84033,-23.310303
15643,750.47,780.0991,-29.62915
15644,763.18,764.6188,-1.4387817
15645,728.96,734.9475,-5.987488
15646,679.83,703.1975,-23.367493
15647,669.92,667.87634,2.0436401
15648,601.44,638.2139,-36.773926
15649,687.51,638.4202,49.089783
15650,581.99,637.9781,-55.9881
15651,617.87,644.76953,-26.899536
15652,619.19,662.2326,-43.042603
15653,650.01,696.63947,-46.629456
15654,680.61,709.93884,-29.328857
15655,728.28,705.934,22.346008
15656,692.59,685.0322,7.5578003
15657,646.22,635.0532,11.166748
15658,617.08,579.282,37.798035
15659,542.35,540.3876,1.9624023
15660,545.57,521.4576,24.112427
15661,526.53,523.4452,3.0848389
15662,513.88,544.84064,-30.960632
15663,564.21,584.5277,-20.317688
15664,617.23,644.8862,-27.65625
15665,736.75,725.62836,11.121643
15666,735.41,775.44666,-40.036682
15667,747.32,775.5406,-28.220581
15668,727.39,749.2206,-21.830566
15669,673.69,718.723,-45.03302
15670,660.06,689.0169,-28.95691
15671,638.0,659.30383,-21.303833
15672,652.34,631.3606,20.979431
15673,624.88,633.5419,-8.661865
15674,628.05,642.1022,-14.052185
15675,654.88,648.17114,6.7088623
15676,657.48,664.4372,-6.9572144
15677,670.22,688.2522,-18.032227
15678,715.37,708.41376,6.956238
15679,676.05,702.02386,-25.973877
15680,622.46,670.44904,-47.989014
15681,655.03,620.22626,34.803772
15682,584.51,570.2148,14.295227
15683,581.61,540.05835,41.551636
15684,536.44,524.19006,12.249939
15685,605.74,530.6866,75.053406
15686,574.15,554.681,19.468994
15687,589.67,591.89856,-2.2285767
15688,657.19,653.42804,3.761963
15689,661.83,735.1091,-73.27905
15690,724.09,779.5276,-55.43756
15691,730.09,783.9863,-53.8963
15692,734.72,762.9055,-28.185547
15693,674.72,731.9496,-57.229614
15694,649.27,693.05634,-43.786316
15695,639.36,621.6494,17.710571
15696,471.98,524.80457,-52.824554
15697,505.83,524.2247,-18.394684
15698,484.45,535.4772,-51.02716
15699,508.98,530.85724,-21.877228
15700,489.4,537.2671,-47.867096
15701,579.31,554.49994,24.810059
15702,603.66,575.08624,28.57373
15703,565.42,577.77686,-12.356873
15704,584.51,558.4556,26.054382
15705,561.75,517.5962,44.15381
15706,505.69,472.13718,33.552826
15707,427.89,436.94608,-9.056061
15708,398.47998,429.72156,-31.241577
15709,461.74,435.90308,25.836914
15710,411.17,455.7819,-44.611877
15711,483.48,493.33136,-9.851349
15712,502.79,554.22876,-51.43875
15713,554.92,615.9171,-60.99713
15714,616.41,671.6057,-55.19574
15715,652.79,696.0804,-43.290405
15716,630.04,682.25854,-52.218567
15717,569.3,641.53876,-72.23877
15718,564.54,592.766,-28.226013
15719,523.09,554.0997,-31.009644
15720,511.78,538.10736,-26.327362
15721,524.66,542.00903,-17.34906
15722,505.88,547.20917,-41.329163
15723,518.25,541.68787,-23.437866
15724,517.65,538.0939,-20.443848
15725,561.45,544.9256,16.524414
15726,580.72,554.3619,26.358093
15727,586.48,560.2007,26.279297
15728,568.34,540.26196,28.078064
15729,579.0,500.27795,78.722046
15730,491.81,461.62213,30.187866
15731,452.65,428.48724,24.16275
15732,405.64,413.58417,-7.944153
15733,465.64,414.8241,50.815918
15734,463.05,435.17966,27.87033
15735,485.71,476.8048,8.905182
15736,487.13,535.46075,-48.33075
15737,590.32,600.6843,-10.364319
15738,622.99,662.3602,-39.37024
15739,657.71,686.8204,-29.110352
15740,630.13,661.9182,-31.788208
15741,596.64,618.5356,-21.895569
15742,557.39,585.19867,-27.808655
15743,543.08,586.0588,-42.97876
15744,641.14,640.54114,0.59887695
15745,649.52,651.046,-1.526001
15746,606.08,635.0937,-29.013672
15747,628.58,632.4303,-3.8502808
15748,616.22,640.57574,-24.355774
15749,650.53,667.26575,-16.735718
15750,670.18,696.5177,-26.337708
15751,675.34,706.2005,-30.860474
15752,680.36,690.772,-10.411987
15753,680.59,647.6825,32.90753
15754,569.99,598.7678,-28.777832
15755,557.84,551.5373,6.3027344
15756,523.52,521.0361,2.4839478
15757,524.38,521.846,2.5339966
15758,586.24,543.62213,42.61786
15759,590.92,583.9898,6.930176
15760,613.97,643.0761,-29.10614
15761,715.09,714.8253,0.26470947
15762,739.46,765.0568,-25.596802
15763,727.66,772.80066,-45.140686
15764,732.74,751.8089,-19.068909
15765,705.87,719.9021,-14.0321045
15766,690.38,681.6306,8.74939
15767,660.0,647.85986,12.140137
15768,622.72,623.4159,-0.69592285
15769,641.29,615.451,25.83899
15770,619.67,620.4019,-0.7319336
15771,631.45,629.1191,2.3309326
15772,683.39,646.2575,37.132507
15773,625.52,675.3938,-49.87378
15774,707.81,688.74304,19.066956
15775,672.35,684.82776,-12.477783
15776,688.07,654.59186,33.47815
15777,643.07,611.56665,31.503357
15778,574.48,563.212,11.268005
15779,537.76,534.02234,3.737671
15780,517.62,522.69415,-5.0741577
15781,537.39,533.8076,3.5823975
15782,544.97,559.2337,-14.263733
15783,585.71,602.03204,-16.322021
15784,659.82,661.83594,-2.0159302
15785,662.17,712.3452,-50.175232
15786,721.38,751.689,-30.309021
15787,732.29,763.74146,-31.451477
15788,756.74,744.348,12.391968
15789,698.35,712.73047,-14.380493
15790,685.46,678.8939,6.566101
15791,620.99,649.8419,-28.851929
15792,625.76,626.47266,-0.7126465
15793,633.83,625.3323,8.497742
15794,621.99,629.24945,-7.2594604
15795,619.31,634.4705,-15.160522
15796,609.23,647.9928,-38.762817
15797,699.41,672.66425,26.745728
15798,688.17,696.09894,-7.928955
15799,746.14,695.4868,50.6532
15800,692.59,663.42694,29.163086
15801,657.14,609.4183,47.72174
15802,590.55,559.495,31.054993
15803,556.47,529.30164,27.168335
15804,537.28,520.06964,17.210388
15805,555.32,528.81726,26.502747
15806,575.49,555.19525,20.294739
15807,563.72,593.5847,-29.864746
15808,608.15,649.42596,-41.27594
15809,668.27,725.2444,-56.974365
15810,745.43,769.7965,-24.366516
15811,737.1,772.69604,-35.59607
15812,732.31,748.7053,-16.395325
15813,745.32,718.1444,27.175598
15814,669.24,685.03046,-15.790466
15815,625.76,650.34863,-24.588623
15816,660.37,622.58093,37.789062
15817,624.35,623.7926,0.55737305
15818,651.84,627.5277,24.312317
15819,657.08,636.4454,20.634644
15820,649.29,657.7451,-8.455139
15821,670.13,674.62537,-4.4953613
15822,672.82,693.3463,-20.526306
15823,685.83,696.5729,-10.742859
15824,707.79,670.0384,37.751587
15825,646.29,624.7182,21.571777
15826,578.69,579.74927,-1.0592651
15827,510.58,542.7791,-32.199127
15828,540.61,524.23395,16.376038
15829,497.43,526.5503,-29.1203
15830,583.13,545.40436,37.725647
15831,594.54,588.06384,6.4761353
15832,628.78,653.69354,-24.913513
15833,705.85,729.837,-23.987
15834,736.64,771.43384,-34.793823
15835,753.6,769.8297,-16.229736
15836,713.65,743.5569,-29.90686
15837,720.61,716.52673,4.083252
15838,668.63,689.99097,-21.360962
15839,654.27,660.04047,-5.770447
15840,599.94,632.84424,-32.904236
15841,598.36,630.4351,-32.075134
15842,611.84,630.87225,-19.032227
15843,626.8,638.226,-11.426025
15844,663.74,653.4373,10.302673
15845,590.47,681.52747,-91.057495
15846,731.98,696.97565,35.004333
15847,690.41,697.7737,-7.3637085
15848,687.34,671.7974,15.542603
15849,646.12,623.5756,22.544373
15850,585.5,574.44556,11.054443
15851,566.45,543.4232,23.026794
15852,545.2,531.5653,13.634705
15853,537.65,534.6831,2.966919
15854,506.39,553.2022,-46.812195
15855,551.38,586.05786,-34.677856
15856,643.36,645.6521,-2.2921143
15857,699.93,721.53076,-21.600769
15858,723.58,770.0617,-46.48169
15859,738.67,772.64185,-33.971863
15860,712.28,750.52466,-38.24463
15861,720.9,716.3455,4.5545044
15862,674.32,672.00665,2.3133545
15863,639.58,584.76306,54.816956
15864,501.23,514.91705,-13.687042
15865,526.64,529.14124,-2.5012207
15866,511.87,531.80676,-19.936768
15867,529.06,533.19305,-4.1330566
15868,527.82,544.08997,-16.269958
15869,558.27,564.647,-6.376953
15870,587.2,578.78815,8.411865
15871,591.8,578.33374,13.466248
15872,569.68,552.44763,17.23236
15873,467.42,516.10254,-48.682526
15874,485.81,468.95685,16.85315
15875,453.25,440.28885,12.961151
15876,441.74,429.82175,11.918243
15877,399.29,431.01392,-31.723907
15878,414.0,445.64618,-31.64618
15879,441.23,476.3474,-35.1174
15880,555.7,529.8032,25.89679
15881,579.37,598.3207,-18.950684
15882,636.5,653.9202,-17.420227
15883,589.51,677.28625,-87.776245
15884,620.31,658.8998,-38.589783
15885,606.78,624.82117,-18.041138
15886,579.66,585.34265,-5.682678
15887,525.72,550.32776,-24.607788
15888,494.71,529.30884,-34.598846
15889,496.88,522.516,-25.635986
15890,530.1,522.0614,8.038574
15891,480.24,525.73486,-45.494873
15892,528.38,528.1115,0.26849365
15893,483.9,541.2887,-57.388702
15894,595.6,554.4045,41.195496
15895,577.45,557.9962,19.453796
15896,599.79,545.3287,54.461304
15897,527.0,509.96088,17.039124
15898,478.42,467.9417,10.478302
15899,444.94,430.87616,14.063843
15900,419.0,412.301,6.699005
15901,386.39,411.60992,-25.21991
15902,423.82,427.35638,-3.536377
15903,418.26,463.63715,-45.377136
15904,528.85,516.3432,12.506775
15905,564.01,589.32776,-25.317749
15906,639.14,645.65076,-6.510742
15907,673.6,666.1521,7.447876
15908,580.38,644.49677,-64.11676
15909,598.18,607.08704,-8.907043
15910,550.62,580.01074,-29.390747
15911,547.45,600.0767,-52.62671
15912,609.33,651.01385,-41.683838
15913,624.38,650.2331,-25.853088
15914,599.15,628.82513,-29.67511
15915,612.65,624.1357,-11.485657
15916,631.7,639.2413,-7.54126
15917,620.3,668.81604,-48.516052
15918,651.89,687.4482,-35.558167
15919,692.89,696.43646,-3.5464478
15920,674.72,686.1616,-11.44165
15921,663.92,648.9434,14.9765625
15922,601.0,599.1864,1.8135986
15923,546.72,555.1433,-8.42334
15924,538.38,532.2737,6.1063232
15925,529.18,528.7517,0.4282837
15926,518.73,548.9929,-30.26294
15927,594.54,579.2278,15.312195
15928,621.51,632.54474,-11.034729
15929,639.35,698.8275,-59.47754
15930,707.76,748.8397,-41.079712
15931,783.71,759.6209,24.089111
15932,742.5,740.40674,2.0932617
15933,728.99,708.0348,20.9552
15934,640.23,674.298,-34.067993
15935,660.5,639.9855,20.514526
15936,604.88,615.0198,-10.1397705
15937,593.06,617.33417,-24.27417
15938,626.53,630.00714,-3.4771118
15939,605.45,634.8389,-29.388916
15940,623.26,650.8778,-27.617798
15941,638.34,683.4436,-45.103577
15942,623.37,698.8726,-75.502625
15943,643.88,700.7958,-56.91577
15944,695.46,676.1984,19.261597
15945,616.53,630.5153,-13.985291
15946,621.13,575.6901,45.43988
15947,560.48,539.1543,21.325684
15948,503.43,525.10266,-21.672668
15949,531.88,523.02264,8.857361
15950,550.45,545.9176,4.5324097
15951,593.94,583.0315,10.908508
15952,630.66,642.78503,-12.125061
15953,665.4,720.6648,-55.26477
15954,731.71,765.1286,-33.41858
15955,751.92,770.15814,-18.23816
15956,705.88,748.1208,-42.240784
15957,716.26,709.426,6.8339844
15958,661.02,671.905,-10.88501
15959,654.71,647.15216,7.5578613
15960,611.27,628.3014,-17.031372
15961,577.47,629.90247,-52.432495
15962,630.01,629.355,0.6550293
15963,671.41,632.0527,39.3573
15964,613.75,656.3497,-42.59967
15965,650.0,688.87415,-38.874146
15966,673.38,699.6225,-26.242493
15967,701.01,698.2354,2.7745972
15968,678.75,667.0777,11.672302
15969,616.63,606.90674,9.723267
15970,591.84,557.9859,33.854126
15971,528.69,532.26434,-3.5743408
15972,551.54,521.73206,29.807922
15973,539.81,528.6724,11.137573
15974,544.98,551.0332,-6.0532227
15975,576.98,591.2705,-14.290527
15976,626.72,655.8398,-29.119812
15977,701.89,725.69476,-23.804749
15978,758.67,767.60535,-8.935364
15979,742.84,767.2253,-24.385254
15980,714.12,743.0507,-28.930725
15981,674.4,711.4968,-37.0968
15982,684.77,679.13367,5.6363525
15983,617.45,648.16046,-30.71045
15984,609.86,622.54,-12.679993
15985,608.07,621.15375,-13.08374
15986,662.55,625.6035,36.946472
15987,651.07,634.4836,16.586426
15988,671.89,650.529,21.361023
15989,639.15,677.3336,-38.183594
15990,711.39,696.242,15.14801
15991,673.0,691.87354,-18.873535
15992,674.38,655.7771,18.602905
15993,608.82,607.54193,1.2780762
15994,603.3,566.5997,36.700317
15995,567.39,547.3478,20.042236
15996,511.4,538.84686,-27.446869
15997,524.3,550.10486,-25.80487
15998,581.05,580.03375,1.0162354
15999,563.92,624.9924,-61.072388
16000,615.88,684.49426,-68.61426
16001,685.66,740.66125,-55.00128
16002,756.24,772.5387,-16.298706
16003,724.31,773.7432,-49.433228
16004,689.84,751.8531,-62.01306
16005,707.81,720.6487,-12.838684
16006,687.39,684.9849,2.4050903
16007,668.15,649.95483,18.19519
16008,626.88,622.3302,4.5498047
16009,596.65,626.09845,-29.448425
16010,636.7,623.56165,13.138367
16011,642.77,625.13104,17.638977
16012,619.09,639.0928,-20.002747
16013,666.98,672.654,-5.674011
16014,637.99,690.1594,-52.169434
16015,720.23,688.3759,31.854065
16016,657.71,667.00757,-9.297546
16017,586.26,612.8965,-26.636475
16018,573.38,557.71295,15.667053
16019,566.01,533.08026,32.92975
16020,561.84,526.9365,34.903503
16021,548.23,536.52216,11.707825
16022,506.46,562.01105,-55.551056
16023,551.91,600.14105,-48.23108
16024,601.72,656.8782,-55.158203
16025,678.8,720.2325,-41.432495
16026,705.89,763.00226,-57.112244
16027,740.51,774.8258,-34.315796
16028,750.29,761.3143,-11.024292
16029,701.1,734.73865,-33.63867
16030,697.6,703.7982,-6.198242
16031,639.35,655.46655,-16.116577
16032,537.19,557.1231,-19.933105
16033,532.79,516.3109,16.479065
16034,522.47,527.51904,-5.0490723
16035,518.6,522.593,-3.993042
16036,555.3,524.25586,31.044128
16037,563.14,534.8243,28.315735
16038,563.67,555.3315,8.338501
16039,552.01,566.453,-14.442993
16040,564.03,551.6038,12.4262085
16041,485.87,515.6869,-29.816895
16042,480.36,476.5332,3.8267822
16043,434.28,451.2024,-16.922394
16044,404.34,441.44656,-37.106567
16045,428.69,446.64972,-17.959717
16046,438.26,463.1693,-24.909302
16047,476.62,493.75916,-17.13916
16048,516.1,537.8086,-21.708618
16049,585.45,594.5319,-9.081909
16050,638.05,647.3215,-9.271484
16051,626.15,673.11694,-46.96692
16052,618.29,657.83673,-39.546753
16053,590.83,625.7002,-34.87018
16054,596.98,582.20435,14.775635
16055,551.06,545.029,6.031006
16056,495.7,521.1129,-25.412903
16057,475.26,510.73407,-35.47406
16058,542.31,516.8091,25.500916
16059,523.36,519.70276,3.6572266
16060,561.22,520.8738,40.34619
16061,571.59,527.69214,43.89789
16062,559.13,541.5605,17.569519
16063,566.94,548.1781,18.761902
16064,583.48,536.8132,46.66681
16065,514.4,504.781,9.619019
16066,483.31,463.95773,19.352264
16067,460.69,437.09546,23.594543
16068,410.33997,421.53546,-11.195496
16069,464.44,418.41187,46.028137
16070,443.92,433.66946,10.250549
16071,432.72,464.85992,-32.139923
16072,520.57,514.1734,6.3966064
16073,588.81,579.03375,9.776245
16074,641.9,638.9281,2.9719238
16075,612.5,663.3612,-50.861206
16076,629.76,640.7996,-11.039612
16077,593.66,606.30786,-12.647888
16078,553.47,569.998,-16.528015
16079,541.63,562.93555,-21.305542
16080,632.5,614.31537,18.184631
16081,652.65,630.4457,22.204346
16082,628.22,621.16046,7.0595093
16083,632.88,620.3803,12.499695
16084,640.87,635.72687,5.1431274
16085,689.84,662.5614,27.278625
16086,648.25,690.53644,-42.286438
16087,712.22,695.54645,16.673523
16088,676.84,683.62946,-6.7894287
16089,639.2,637.9033,1.2966919
16090,602.51,585.2444,17.265625
16091,582.31,549.0433,33.266724
16092,540.9,529.26385,11.636169
16093,545.76,527.73364,18.026367
16094,538.54,545.96246,-7.4224854
16095,593.53,577.1705,16.359558
16096,617.63,628.0736,-10.4436035
16097,632.35,699.27954,-66.929565
16098,730.0,753.7867,-23.786682
16099,799.44,764.6604,34.779602
16100,767.45,754.8616,12.58844
16101,723.71,737.9438,-14.233765
16102,658.66,705.7267,-47.06671
16103,667.88,668.9618,-1.0817871
16104,619.93,638.4244,-18.494385
16105,581.34,639.51245,-58.172424
16106,617.06,635.6953,-18.635315
16107,594.94,640.62415,-45.684143
16108,626.47,649.7934,-23.323425
16109,698.46,676.05145,22.40857
16110,651.43,696.3782,-44.94818
16111,693.35,706.77484,-13.424866
16112,639.19,686.25555,-47.06555
16113,614.59,650.0593,-35.4693
16114,575.39,593.2548,-17.864807
16115,518.79,551.0359,-32.24591
16116,520.91,534.01276,-13.102783
16117,519.67,531.9477,-12.27771
16118,543.99,553.32043,-9.330444
16119,574.67,591.18896,-16.518982
16120,579.68,642.38446,-62.704468
16121,643.86,709.76465,-65.90466
16122,728.76,754.51263,-25.752625
16123,754.64,762.9062,-8.266174
16124,670.91,745.6035,-74.69354
16125,715.24,714.43225,0.80773926
16126,637.57,676.8671,-39.29712
16127,650.33,643.6153,6.7147217
16128,614.15,619.66675,-5.5167236
16129,637.92,620.1997,17.720276
16130,656.26,629.49445,26.765564
16131,628.53,627.8544,0.6756592
16132,638.49,639.796,-1.3060303
16133,603.37,672.3412,-68.97119
16134,664.65,687.35504,-22.705017
16135,665.56,691.7984,-26.238403
16136,663.43,667.0575,-3.6275024
16137,646.13,617.0178,29.112183
16138,589.92,572.32367,17.596313
16139,540.91,539.8142,1.0957642
16140,575.54,524.35785,51.18213
16141,562.96,534.6877,28.272339
16142,546.36,564.20984,-17.849854
16143,554.63,607.7361,-53.10608
16144,601.46,655.2661,-53.80609
16145,699.76,715.24866,-15.488647
16146,732.23,760.4239,-28.193909
16147,771.55,766.4608,5.0891724
16148,705.86,742.7545,-36.89453
16149,705.93,707.56915,-1.6391602
16150,646.71,670.4329,-23.7229
16151,648.48,637.6575,10.82251
16152,624.81,616.57477,8.2352295
16153,625.24,621.7671,3.4729004
16154,611.91,621.602,-9.692017
16155,597.04,623.5092,-26.469238
16156,629.32,639.72174,-10.401733
16157,664.61,653.438,11.171997
16158,618.99,678.9595,-59.969482
16159,703.88,683.3867,20.493286
16160,675.09,664.25104,10.838989
16161,625.4,616.34265,9.057373
16162,590.25,572.71844,17.531555
16163,574.03,535.5807,38.44934
16164,555.48,519.82587,35.654114
16165,515.12,523.92847,-8.808472
16166,598.22,546.5709,51.649048
16167,587.36,591.73584,-4.3758545
16168,621.31,655.818,-34.507996
16169,660.38,719.6122,-59.232178
16170,720.84,761.8738,-41.033752
16171,704.53,763.599,-59.06897
16172,762.4,739.2809,23.11914
16173,699.86,709.0795,-9.219543
16174,657.38,675.2404,-17.860413
16175,654.6,641.0736,13.526367
16176,620.52,620.56744,-0.047424316
16177,582.46,620.359,-37.898987
16178,622.76,623.6283,-0.86828613
16179,603.29,621.22626,-17.93628
16180,628.23,644.27844,-16.048462
16181,683.29,654.23474,29.055237
16182,679.73,680.594,-0.8640137
16183,698.02,687.6795,10.340515
16184,690.2,673.8604,16.3396
16185,654.05,624.62836,29.42163
16186,612.33,573.30115,39.02887
16187,579.21,538.9848,40.22522
16188,549.77,524.51636,25.253662
16189,553.94,531.2372,22.70282
16190,528.3,555.9409,-27.64093
16191,557.06,591.09546,-34.03546
16192,625.26,643.08136,-17.82135
16193,685.57,712.16345,-26.593445
16194,711.54,757.2146,-45.67462
16195,737.03,760.7973,-23.767273
16196,719.74,739.2323,-19.49231
16197,726.4,710.81384,15.586182
16198,658.76,675.76904,-17.009033
16199,626.82,617.631,9.189026
16200,481.28,527.88025,-46.60025
16201,477.27,510.0088,-32.7388
16202,478.68,517.32294,-38.642944
16203,517.41,515.5301,1.8798828
16204,493.98,523.0478,-29.06778
16205,503.97,539.0408,-35.07077
16206,519.27,565.3844,-46.11438
16207,570.72,573.56177,-2.8417969
16208,494.84,557.2239,-62.38388
16209,501.15,511.7294,-10.579407
16210,506.23,480.14346,26.086548
16211,465.97,454.62018,11.349823
16212,391.95,437.364,-45.414
16213,448.8,433.94885,14.851135
16214,420.99,448.9131,-27.923096
16215,442.68,478.8573,-36.177307
16216,518.4,525.89764,-7.4976196
16217,561.47,576.7476,-15.277649
16218,582.21,634.0899,-51.879883
16219,614.17,664.20514,-50.035156
16220,605.67,653.9133,-48.243347
16221,619.97,620.5828,-0.612854
16222,538.48,576.0777,-37.597717
16223,520.01,547.3602,-27.35022
16224,489.79,521.88007,-32.090057
16225,490.47,504.906,-14.436005
16226,515.15,508.3441,6.8059387
16227,538.16,515.9379,22.222046
16228,503.31,519.907,-16.596985
16229,485.93,524.5429,-38.612915
16230,559.89,530.01166,29.878357
16231,526.28,533.2473,-6.967285
16232,555.62,517.3545,38.265503
16233,517.26,489.42554,27.834473
16234,461.04,450.55295,10.487061
16235,464.03,426.0025,38.027496
16236,427.82,414.6748,13.145203
16237,386.36,412.34735,-25.987366
16238,394.03,425.0244,-30.994415
16239,470.94,457.5029,13.437103
16240,540.54,511.72382,28.816162
16241,542.21,576.1359,-33.925903
16242,606.68,627.9736,-21.29358
16243,606.0,650.14703,-44.147034
16244,619.14,633.12244,-13.982422
16245,580.18,601.1617,-20.98169
16246,559.88,568.3,-8.419983
16247,512.95,588.0354,-75.08539
16248,597.93,640.564,-42.634033
16249,604.4,647.2168,-42.816772
16250,607.04,628.635,-21.595032
16251,625.66,619.2061,6.4538574
16252,640.68,633.1697,7.510315
16253,654.82,656.6227,-1.8026733
16254,648.42,681.44324,-33.023254
16255,701.86,688.62616,13.233826
16256,675.31,684.08264,-8.772644
16257,666.15,645.38184,20.768188
16258,606.1,597.53986,8.56012
16259,509.73,557.0845,-47.35446
16260,500.23,533.42883,-33.198822
16261,578.08,529.27936,48.80066
16262,566.42,548.3319,18.088074
16263,567.12,588.6464,-21.526428
16264,661.49,647.97736,13.512634
16265,630.15,711.74615,-81.59613
16266,704.34,753.47784,-49.137817
16267,742.48,758.11615,-15.636169
16268,721.15,737.92316,-16.773132
16269,713.91,705.2429,8.667053
16270,696.8,668.41907,28.38092
16271,652.0,635.4263,16.57373
16272,574.0,612.8283,-38.82831
16273,652.68,609.40955,43.270447
16274,609.15,618.08105,-8.93103
16275,609.87,637.60297,-27.732971
16276,589.55,655.0192,-65.46924
16277,649.11,669.4609,-20.350891
16278,632.44,689.7666,-57.3266
16279,664.31,686.281,-21.971008
16280,646.38,662.8116,-16.43158
16281,626.7,616.78394,9.916077
16282,583.46,570.00476,13.455261
16283,509.94,539.06757,-29.127563
16284,534.48,520.17035,14.309631
16285,539.67,521.772,17.89801
16286,536.23,543.7824,-7.552429
16287,630.61,590.85614,39.753845
16288,588.97,655.7924,-66.82245
16289,683.73,721.2431,-37.513123
16290,735.76,755.2545,-19.494507
16291,716.95,753.6604,-36.71039
16292,738.18,729.2801,8.899902
16293,668.97,697.9452,-28.97522
16294,649.38,663.17523,-13.795227
16295,641.44,630.7718,10.668213
16296,597.65,606.2355,-8.585449
16297,607.81,607.7094,0.10058594
16298,573.07,613.6044,-40.534363
16299,651.79,622.7963,28.993652
16300,636.47,646.2568,-9.786804
16301,650.03,679.2857,-29.255676
16302,661.47,690.7297,-29.259705
16303,642.59,688.2082,-45.618164
16304,697.7,660.52856,37.171448
16305,645.57,616.3005,29.269531
16306,559.81,566.68243,-6.8724365
16307,530.64,537.0154,-6.375366
16308,545.53,527.40784,18.122192
16309,535.41,533.16675,2.243225
16310,548.85,554.19727,-5.34729
16311,522.47,592.7953,-70.32532
16312,615.17,641.96265,-26.792664
16313,652.06,705.8932,-53.83319
16314,690.64,750.24347,-59.603455
16315,725.28,758.8366,-33.55658
16316,708.82,734.94055,-26.120544
16317,644.5,702.67847,-58.178467
16318,657.91,670.3828,-12.472839
16319,652.98,638.60046,14.379517
16320,625.51,615.9142,9.595825
16321,631.99,623.73553,8.254456
16322,597.44,619.43646,-21.99646
16323,605.03,638.6772,-33.647156
16324,599.72,636.7589,-37.03894
16325,597.96,656.1288,-58.168762
16326,679.16,677.84705,1.3129272
16327,671.9,689.58527,-17.685242
16328,665.55,665.85645,-0.30645752
16329,669.83,615.82825,54.00177
16330,588.38,567.8485,20.531494
16331,571.11,534.6871,36.422913
16332,518.07,525.9785,-7.9085083
16333,564.55,532.007,32.54297
16334,567.72,556.8635,10.856445
16335,528.35,598.4935,-70.143555
16336,595.06,651.7592,-56.69922
16337,664.71,717.8723,-53.162292
16338,702.09,761.9009,-59.810852
16339,753.28,764.44604,-11.166016
16340,748.39,741.77026,6.619751
16341,675.08,710.7033,-35.62329
16342,649.34,675.6804,-26.340393
16343,640.93,640.0122,0.91778564
16344,651.64,613.30493,38.335083
16345,631.98,613.50305,18.476929
16346,609.72,616.4864,-6.7664185
16347,604.24,621.6313,-17.391296
16348,635.48,639.3719,-3.8919067
16349,649.86,652.855,-2.994995
16350,674.78,678.8685,-4.088501
16351,651.8,692.1036,-40.30359
16352,668.33,673.7258,-5.395813
16353,643.0,625.502,17.497986
16354,582.52,569.3496,13.17041
16355,576.24,539.6509,36.58911
16356,558.55,532.9022,25.647766
16357,529.8,537.6009,-7.8009033
16358,553.12,558.3315,-5.211487
16359,538.3,592.78265,-54.482666
16360,618.47,651.92175,-33.451782
16361,706.15,720.25397,-14.103943
16362,744.48,763.73157,-19.251587
16363,685.84,772.7494,-86.90936
16364,711.66,755.1324,-43.472412
16365,694.32,724.28253,-29.962524
16366,603.54,683.43335,-79.89337
16367,639.46,619.6735,19.786499
16368,459.02,522.1557,-63.13571
16369,489.04,502.67523,-13.635223
16370,494.83,508.69586,-13.865875
16371,489.95,506.2692,-16.319183
16372,510.77,515.72675,-4.9567566
16373,486.44,530.4919,-44.05188
16374,575.38,551.98267,23.397339
16375,565.24,559.66876,5.571228
16376,570.9,550.1426,20.757446
16377,562.07,517.3058,44.76422
16378,522.06,477.1801,44.879883
16379,449.15,445.61163,3.5383606
16380,440.73,427.95245,12.777557
16381,466.1,424.72668,41.37332
16382,404.41,435.93555,-31.525543
16383,455.11,455.90475,-0.7947693
16384,483.44,493.84714,-10.407135
16385,552.83,546.9927,5.8373413
16386,593.02,613.43384,-20.413818
16387,620.02,646.5991,-26.579102
16388,626.67,638.19763,-11.527649
16389,560.03,605.7513,-45.721252
16390,574.74,566.60675,8.13324
16391,525.08,530.89417,-5.814148
16392,492.86,512.25696,-19.396973
16393,490.23,505.34363,-15.113617
16394,499.97,512.8213,-12.851288
16395,491.9,515.46545,-23.56546
16396,489.32,515.7533,-26.433289
16397,525.86,520.8345,5.0255127
16398,554.43,529.15424,25.275757
16399,578.74,532.40466,46.335327
16400,596.21,520.7236,75.48645
16401,531.45,491.8692,39.58081
16402,464.3,451.386,12.914001
16403,443.89,423.36316,20.526855
16404,478.55,409.44308,69.1069
16405,473.86,409.02847,64.83151
16406,454.19,422.13882,32.051178
16407,502.2,456.13458,46.06543
16408,510.46,507.6902,2.769806
16409,574.23,563.56354,10.666443
16410,615.99,611.82733,4.1626587
16411,642.36,644.0556,-1.6956177
16412,634.2,630.3936,3.8063965
16413,553.11,597.0418,-43.931824
16414,528.3,559.55286,-31.252869
16415,523.76,561.90765,-38.147644
16416,604.99,618.43475,-13.444763
16417,588.28,630.3509,-42.07086
16418,580.89,618.013,-37.122986
16419,605.67,616.25134,-10.58136
16420,610.53,627.2804,-16.750366
16421,654.39,649.6666,4.7233887
16422,692.97,681.5639,11.406067
16423,660.02,689.67566,-29.65564
16424,685.61,681.692,3.9179688
16425,605.82,644.96936,-39.149353
16426,640.82,587.1345,53.685486
16427,549.57,550.17883,-0.6088257
16428,537.18,532.61896,4.561035
16429,534.58,537.05475,-2.4747314
16430,564.61,558.5229,6.087097
16431,581.23,595.89636,-14.666382
16432,588.76,649.9808,-61.220764
16433,660.2,715.75006,-55.55005
16434,718.43,758.1465,-39.71649
16435,706.35,763.8891,-57.539124
16436,716.11,748.3742,-32.26422
16437,661.44,718.27527,-56.835266
16438,669.53,679.4283,-9.898254
16439,616.18,644.6034,-28.4234
16440,631.28,620.479,10.801025
16441,601.68,621.7371,-20.057129
16442,594.9,623.2051,-28.305054
16443,597.58,625.59174,-28.011719
16444,660.84,640.5949,20.245117
16445,652.64,668.43823,-15.798218
16446,665.89,688.4564,-22.566406
16447,717.88,688.9557,28.924316
16448,725.35,664.6502,60.699768
16449,636.25,626.53284,9.717163
16450,600.22,575.1966,25.023376
16451,537.72,539.9434,-2.2234497
16452,561.81,528.6542,33.155823
16453,512.42,535.48096,-23.060974
16454,560.86,554.64496,6.215027
16455,581.23,600.0649,-18.8349
16456,628.33,656.2674,-27.937378
16457,649.09,715.59467,-66.50464
16458,752.07,753.1585,-1.088501
16459,781.71,756.81445,24.895569
16460,736.81,737.5688,-0.75878906
16461,711.87,707.05054,4.819458
16462,621.51,666.69073,-45.180725
16463,617.5,630.4775,-12.977478
16464,645.06,603.19635,41.863647
16465,640.89,603.5919,37.298096
16466,623.48,607.3925,16.087463
16467,607.57,617.1089,-9.538879
16468,623.04,637.26556,-14.225586
16469,650.16,665.12305,-14.963074
16470,685.76,690.0713,-4.3112793
16471,685.44,695.1814,-9.741394
16472,640.89,673.61237,-32.72235
16473,647.1,624.29004,22.809937
16474,575.9,573.0911,2.808899
16475,583.17,540.87067,42.299316
16476,553.52,529.59296,23.927063
16477,546.86,528.0044,18.85559
16478,544.89,546.40735,-1.517334
16479,582.57,581.87225,0.6977539
16480,578.67,642.75183,-64.08185
16481,648.62,710.5429,-61.922913
16482,706.54,754.2996,-47.759644
16483,724.23,759.36255,-35.13257
16484,724.78,739.5055,-14.725464
16485,673.15,708.1312,-34.9812
16486,626.23,672.2887,-46.058716
16487,590.45,635.80853,-45.35852
16488,581.61,607.92676,-26.316772
16489,627.52,608.46246,19.057556
16490,607.6,608.93823,-1.3382568
16491,631.4,621.01746,10.382568
16492,618.44,631.691,-13.250977
16493,636.88,655.85425,-18.974243
16494,674.17,685.3579,-11.187927
16495,695.83,684.67285,11.157166
16496,694.02,663.9211,30.098938
16497,644.88,619.1847,25.695312
16498,579.88,571.668,8.211975
16499,524.57,536.0731,-11.503113
16500,543.13,520.0903,23.039734
16501,518.7,524.3593,-5.6593018
16502,564.7,548.26074,16.43927
16503,557.48,591.16815,-33.68817
16504,560.39,647.87946,-87.48944
16505,651.64,709.62286,-57.98285
16506,735.22,753.6028,-18.382812
16507,724.75,759.6382,-34.888184
16508,719.79,738.34515,-18.555176
16509,692.79,706.3333,-13.543335
16510,629.43,669.9008,-40.470825
16511,592.85,631.9059,-39.05591
16512,609.03,602.46844,6.5615845
16513,602.14,601.86414,0.2758789
16514,624.25,608.5955,15.65448
16515,613.32,623.2273,-9.907288
16516,561.82,634.41785,-72.59784
16517,659.09,652.7086,6.3814087
16518,689.91,680.2274,9.682556
16519,683.47,683.5949,-0.124938965
16520,654.49,664.93756,-10.447571
16521,626.53,622.6644,3.8656006
16522,584.75,576.7076,8.042419
16523,575.34,544.02075,31.319275
16524,556.65,530.9829,25.667114
16525,543.65,534.2188,9.431213
16526,502.3,552.6814,-50.38141
16527,531.62,582.9073,-51.287292
16528,653.75,638.2429,15.50708
16529,674.55,707.374,-32.824036
16530,94.58002,751.3925,-656.8125
16531,772.03,739.60315,32.42688
16532,751.79,728.5928,23.197205
16533,693.54,700.90967,-7.36969
16534,639.39,663.59094,-24.200928
16535,634.67,591.34827,43.321716
16536,485.94,505.1795,-19.239502
16537,504.2,501.82086,2.3791504
16538,504.34,508.11603,-3.7760315
16539,541.93,516.18945,25.74054
16540,515.15,522.5242,-7.3741455
16541,532.36,533.1651,-0.80511475
16542,562.34,547.9801,14.359924
16543,580.65,557.348,23.302002
16544,533.09,543.5645,-10.474487
16545,553.73,512.486,41.243958
16546,499.86,480.88364,18.976349
16547,424.74,457.58832,-32.848328
16548,382.21,441.2462,-59.036194
16549,390.06,438.68634,-48.626343
16550,459.48,451.65918,7.8208313
16551,468.91,475.20715,-6.2971497
16552,514.67,513.38916,1.2808228
16553,570.38,571.59985,-1.2198486
16554,624.49,622.7791,1.7108765
16555,591.68,654.1071,-62.427124
16556,582.03,646.2933,-64.263245
16557,580.95,610.9467,-29.996704
16558,512.8,567.63525,-54.835266
16559,492.81,532.3359,-39.52588
16560,527.8,513.6196,14.180359
16561,516.09,503.9984,12.091614
16562,441.86,517.17017,-75.31018
16563,481.7,520.9175,-39.21747
16564,504.02,522.9889,-18.968903
16565,498.96,527.83844,-28.878448
16566,571.19,538.4015,32.788513
16567,522.61,546.1042,-23.494202
16568,556.32,532.82117,23.49884
16569,535.61,503.03302,32.576965
16570,494.44,472.70126,21.738739
16571,441.88,437.7697,4.1102905
16572,385.23,426.88232,-41.652313
16573,435.56,426.13898,9.4210205
16574,419.43,445.33044,-25.900452
16575,449.44,478.81686,-29.376862
16576,468.42,521.9567,-53.536713
16577,560.68,577.6907,-17.010681
16578,616.04,622.55444,-6.5144653
16579,625.35,648.36053,-23.01056
16580,559.79,638.9381,-79.14813
16581,595.91,604.3257,-8.41571
16582,549.52,571.6586,-22.13861
16583,530.83,552.4165,-21.586487
16584,599.56,586.78174,12.778259
16585,606.06,612.5657,-6.5056763
16586,603.64,605.8282,-2.1881714
16587,614.99,602.98315,12.006836
16588,591.66,616.6199,-24.9599
16589,630.57,647.87885,-17.308838
16590,676.81,667.9779,8.832092
16591,670.1,680.79376,-10.693787
16592,686.11,673.6993,12.410706
16593,685.87,643.8966,41.97339
16594,595.02,592.2319,2.788147
16595,556.42,555.7466,0.6734009
16596,597.35,532.82355,64.52643
16597,556.14,532.50336,23.636658
16598,589.83,557.3335,32.49652
16599,578.38,600.41016,-22.030151
16600,596.78,651.8612,-55.081177
16601,692.1,706.63104,-14.531067
16602,703.48,747.7081,-44.22815
16603,784.25,756.85156,27.398438
16604,735.18,738.79425,-3.6142578
16605,647.44,706.74493,-59.30493
16606,653.64,670.01636,-16.376343
16607,640.05,635.4201,4.629883
16608,590.12,608.57544,-18.455444
16609,620.8,602.76764,18.032349
16610,596.38,610.1685,-13.788513
16611,637.72,624.08514,13.634827
16612,601.08,637.3072,-36.227173
16613,664.28,660.53723,3.7427979
16614,667.03,684.1153,-17.085266
16615,656.86,685.28955,-28.429565
16616,641.39,649.3654,-7.975403
16617,625.09,603.37726,21.712769
16618,563.95,560.72,3.2300415
16619,558.75,533.5918,25.158203
16620,502.28,526.96124,-24.681244
16621,508.55,539.8732,-31.323242
16622,546.36,569.191,-22.830994
16623,588.58,609.01276,-20.43274
16624,587.22,666.7021,-79.48212
16625,661.17,725.3145,-64.14453
16626,706.41,755.9409,-49.530945
16627,742.9,751.83136,-8.931335
16628,702.17,727.96844,-25.798462
16629,661.17,694.3711,-33.20111
16630,651.48,658.00305,-6.5230713
16631,611.02,627.39777,-16.377747
16632,593.25,604.9811,-11.731079
16633,644.36,603.17456,41.185425
16634,583.41,611.0541,-27.644104
16635,615.88,626.69995,-10.819946
16636,624.63,632.3619,-7.7318726
16637,630.7,660.54266,-29.842651
16638,684.56,678.11194,6.448059
16639,653.91,680.76166,-26.851685
16640,653.63,653.5019,0.1281128
16641,630.24,607.3061,22.933899
16642,626.14,566.4422,59.697815
16643,558.97,539.24,19.72998
16644,513.93,523.88257,-9.952576
16645,549.22,528.0404,21.179565
16646,534.57,553.62537,-19.055359
16647,551.24,603.17535,-51.935364
16648,633.42,658.79443,-25.37445
16649,692.1,727.47,-35.369995
16650,698.14,761.3154,-63.175415
16651,743.11,754.33527,-11.225281
16652,684.62,728.1847,-43.564697
16653,698.19,693.3806,4.809387
16654,662.9,654.9115,7.9885254
16655,624.02,624.57684,-0.55682373
16656,599.6,603.1912,-3.5912476
16657,613.0,607.6099,5.3900757
16658,601.31,610.2542,-8.944214
16659,639.29,619.74994,19.54004
16660,654.26,639.7506,14.509399
16661,645.28,667.02106,-21.741028
16662,682.51,687.1257,-4.6156616
16663,662.14,685.9447,-23.804688
16664,674.41,657.9054,16.504578
16665,656.26,614.8089,41.45111
16666,571.61,579.6096,-7.999634
16667,598.39,546.05927,52.33075
16668,601.98,527.336,74.64398
16669,537.47,525.3306,12.139343
16670,582.6,537.8198,44.78015
16671,552.0,575.156,-23.156006
16672,545.53,628.7028,-83.17279
16673,654.65,692.5922,-37.9422
16674,694.03,742.56573,-48.535706
16675,739.25,753.9901,-14.740112
16676,691.65,736.88196,-45.231934
16677,699.72,702.7579,-3.0379028
16678,673.37,666.20605,7.1639404
16679,579.0,635.1514,-56.15143
16680,580.48,611.0017,-30.521729
16681,577.8,613.3001,-35.500122
16682,552.62,617.926,-65.30603
16683,630.59,613.26746,17.32257
16684,597.33,618.5874,-21.257385
16685,646.47,635.42017,11.049805
16686,651.26,663.2487,-11.9887085
16687,651.74,679.12494,-27.384949
16688,664.74,667.2171,-2.4771118
16689,624.4,632.40735,-8.007324
16690,591.8,577.90155,13.8984375
16691,552.96,539.67084,13.289185
16692,566.02,520.7882,45.23181
16693,544.29,524.0381,20.251892
16694,551.07,544.03,7.039978
16695,552.24,584.9988,-32.75879
16696,608.03,646.22504,-38.195007
16697,675.14,709.10034,-33.960327
16698,708.92,749.7578,-40.83783
16699,755.1,752.6696,2.430359
16700,720.06,731.05695,-10.996948
16701,683.42,695.83936,-12.419373
16702,626.13,651.64453,-25.514526
16703,601.33,570.04486,31.285156
16704,473.65,488.75812,-15.108124
16705,495.43,495.64612,-0.21612549
16706,507.2,506.47833,0.7216797
16707,491.72,503.43793,-11.717926
16708,492.22,507.50043,-15.280426
16709,525.04,521.4838,3.5561523
16710,583.73,542.15814,41.57184
16711,539.75,552.90985,-13.159851
16712,564.22,546.44196,17.778015
16713,523.35,520.805,2.544983
16714,452.31,487.39764,-35.087646
16715,457.53,453.9165,3.6134949
16716,458.48,440.6032,17.8768
16717,422.52,438.96014,-16.440155
16718,446.34,448.21527,-1.8752747
16719,469.3,474.63898,-5.3389893
16720,515.54,515.37897,0.16101074
16721,522.06,562.6433,-40.583313
16722,617.35,603.9793,13.3706665
16723,630.43,630.63525,-0.20526123
16724,596.18,625.42834,-29.248352
16725,546.56,596.5851,-50.025085
16726,584.09,559.0962,24.993835
16727,536.91,526.06226,10.847717
16728,513.18,502.92368,10.256317
16729,523.13,491.58148,31.548523
16730,531.13,513.0786,18.051392
16731,495.48,515.35693,-19.876923
16732,540.64,513.68134,26.95868
16733,512.79,516.856,-4.06604
16734,539.47,527.15497,12.315002
16735,565.49,542.8863,22.603699
16736,523.29,535.37085,-12.080872
16737,549.93,501.2433,48.686707
16738,473.63,458.7316,14.898407
16739,444.14,432.37796,11.762054
16740,437.24,419.16357,18.076416
16741,401.68,421.30408,-19.624084
16742,399.23004,438.51038,-39.280334
16743,429.67,477.35434,-47.684326
16744,503.74,540.6224,-36.882385
16745,512.3,596.627,-84.32703
16746,585.95,641.8854,-55.935364
16747,594.76,658.9945,-64.2345
16748,600.89,628.92163,-28.031616
16749,567.42,582.1159,-14.695923
16750,531.41,535.2128,-3.8028564
16751,502.45,523.775,-21.325012
16752,624.63,564.845,59.785034
16753,613.43,592.649,20.781006
16754,626.54,591.8237,34.716248
16755,610.92,600.32446,10.59552
16756,633.98,619.93463,14.045349
16757,615.31,650.2132,-34.9032
16758,658.97,681.40686,-22.43689
16759,709.19,689.2547,19.935303
16760,685.54,681.1972,4.3427734
16761,658.3,644.83746,13.462524
16762,598.81,592.2253,6.584717
16763,537.34,555.738,-18.39795
16764,533.34,529.0595,4.2805176
16765,499.32,523.11176,-23.791748
16766,555.31,538.7934,16.516602
16767,588.57,573.20685,15.363159
16768,607.63,622.89294,-15.262939
16769,627.82,683.78674,-55.966736
16770,660.92,735.53436,-74.61438
16771,751.68,754.515,-2.835022
16772,722.37,745.35596,-22.985962
16773,670.16,718.2707,-48.110718
16774,661.28,683.4975,-22.217468
16775,609.83,645.3539,-35.523865
16776,595.3,613.74664,-18.446655
16777,663.2,606.2763,56.923706
16778,599.3,613.0029,-13.702942
16779,550.23,616.89276,-66.66278
16780,610.49,631.5082,-21.018188
16781,603.36,651.1712,-47.81122
16782,639.04,670.58374,-31.543762
16783,661.16,683.55597,-22.395996
16784,642.83,654.6049,-11.774902
16785,670.02,607.0249,62.995117
16786,590.81,564.33563,26.474365
16787,593.06,537.28296,55.77704
16788,505.09,529.477,-24.386993
16789,534.94,535.81055,-0.87054443
16790,551.12,564.4124,-13.292419
16791,535.94,597.7843,-61.8443
16792,602.15,649.3418,-47.191772
16793,666.34,706.7214,-40.381348
16794,707.97,743.2123,-35.24231
16795,755.31,744.27655,11.033447
16796,743.37,721.8882,21.481812
16797,716.53,690.24945,26.280579
16798,683.53,653.8549,29.67511
16799,616.34,621.9171,-5.5770874
16800,612.08,596.3639,15.7161255
16801,603.78,594.8909,8.889099
16802,625.51,596.0312,29.47882
16803,649.37,608.89417,40.47583
16804,643.16,625.31244,17.847534
16805,664.65,647.50946,17.140564
16806,645.92,680.9379,-35.017944
16807,683.42,679.3604,4.0595703
16808,693.38,662.64746,30.732544
16809,630.12,618.5372,11.582825
16810,554.19,571.37805,-17.18805
16811,606.49,538.2029,68.28711
16812,514.59,522.2208,-7.6307983
16813,514.35,524.4127,-10.062744
16814,508.62,547.1407,-38.52069
16815,575.79,585.7697,-9.979736
16816,600.09,633.2379,-33.14789
16817,686.9,695.4604,-8.560364
16818,732.19,744.6339,-12.443909
16819,725.07,759.24536,-34.175354
16820,702.75,741.5935,-38.843506
16821,733.49,709.333,24.156982
16822,652.24,673.2824,-21.04242
16823,661.29,636.36365,24.92633
16824,622.77,605.56134,17.20868
16825,628.24,597.7414,30.498596
16826,589.95,599.2235,-9.273499
16827,612.2,604.03094,8.169067
16828,644.68,618.5942,26.085815
16829,606.69,638.1442,-31.454224
16830,655.3,660.6585,-5.3585205
16831,688.47,669.2327,19.237244
16832,649.65,651.56104,-1.9110107
16833,588.56,608.08777,-19.527771
16834,626.04,568.95917,57.08081
16835,552.94,540.14685,12.793152
16836,565.49,524.02545,41.46454
16837,553.06,526.818,26.242004
16838,553.1,572.3514,-19.251404
16839,559.27,590.2402,-30.970154
16840,575.88,641.42267,-65.54266
16841,668.37,707.72266,-39.35266
16842,728.63,757.1886,-28.558594
16843,725.02,762.988,-37.967957
16844,727.7,739.4123,-11.71228
16845,692.83,710.309,-17.479004
16846,644.53,680.83856,-36.308533
16847,624.92,648.3621,-23.442139
16848,597.08,618.3326,-21.252563
16849,610.78,611.46436,-0.6843262
16850,616.46,617.86646,-1.4064331
16851,542.34,629.663,-87.323
16852,604.23,642.2437,-38.013733
16853,673.91,649.4352,24.474792
16854,649.74,673.85315,-24.11316
16855,701.25,682.5829,18.667114
16856,659.07,665.0348,-5.9647827
16857,664.49,616.3967,48.09326
16858,602.29,567.6054,34.68457
16859,576.05,537.35455,38.695435
16860,557.58,527.93774,29.642273
16861,505.19,529.0597,-23.86969
16862,569.32,546.91986,22.400146
16863,563.48,580.3718,-16.891846
16864,638.93,632.32465,6.6053467
16865,652.84,700.7925,-47.952454
16866,730.56,745.75037,-15.190369
16867,723.22,751.3172,-28.097229
16868,709.28,731.0073,-21.727295
16869,694.66,695.60046,-0.9404907
16870,623.84,644.02545,-20.185425
16871,619.64,552.67694,66.96307
16872,531.18,479.12823,52.051758
16873,501.59,490.4383,11.151703
16874,495.97,497.8702,-1.9002075
16875,540.74,500.11505,40.62494
16876,504.42,506.0301,-1.6100769
16877,545.72,519.1389,26.581055
16878,557.13,532.4584,24.67163
16879,615.88,542.93286,72.94714
16880,582.92,534.78186,48.138123
16881,542.75,512.06744,30.682556
16882,443.87,481.156,-37.28601
16883,433.47,447.87823,-14.408234
16884,472.48,426.8114,45.66861
16885,461.1,426.2267,34.87329
16886,411.74,437.63687,-25.896881
16887,466.91,462.505,4.404999
16888,483.29,500.5065,-17.216492
16889,565.57,556.4827,9.08728
16890,573.89,603.8338,-29.943787
16891,612.01,632.9495,-20.939514
16892,626.5,630.3053,-3.8052979
16893,564.71,600.363,-35.652954
16894,541.41,563.1036,-21.693604
16895,538.87,529.5003,9.36969
16896,520.53,510.8823,9.647736
16897,487.25,496.12897,-8.878967
16898,478.72,498.87277,-20.152771
16899,494.54,503.66214,-9.122131
16900,495.01,508.5317,-13.521698
16901,492.37,514.67426,-22.30426
16902,574.42,526.85,47.570007
16903,528.26,532.7174,-4.4573975
16904,561.29,530.65344,30.636536
16905,533.47,509.59146,23.87851
16906,468.25,473.6093,-5.359314
16907,477.26,445.3738,31.8862
16908,457.3,430.24744,27.052551
16909,417.37,425.9046,-8.534607
16910,431.88,435.48566,-3.6056519
16911,471.34,469.06195,2.2780457
16912,490.76,512.23047,-21.470459
16913,578.39,563.23175,15.158264
16914,605.98,611.9685,-5.9885254
16915,622.3,635.5507,-13.250732
16916,596.94,623.0734,-26.133423
16917,561.31,581.82117,-20.51117
16918,531.93,539.8925,-7.9625244
16919,500.39,537.21564,-36.825623
16920,651.69,589.8406,61.849426
16921,604.85,615.7847,-10.934753
16922,594.4,604.9056,-10.505554
16923,622.06,597.8304,24.229614
16924,652.71,609.41016,43.299866
16925,607.39,637.7538,-30.36377
16926,664.49,672.56177,-8.071777
16927,672.89,681.75757,-8.867554
16928,637.46,672.96,-35.5
16929,601.37,643.99677,-42.62677
16930,566.84,597.41406,-30.574036
16931,559.68,558.51196,1.1680298
16932,505.07,543.1417,-38.071716
16933,523.46,541.46985,-18.009827
16934,542.48,557.63556,-15.155579
16935,545.33,590.24066,-44.910645
16936,631.23,633.0276,-1.7976074
16937,668.39,695.41626,-27.026245
16938,704.73,747.30457,-42.574585
16939,724.92,759.07196,-34.151978
16940,727.75,741.6267,-13.876709
16941,658.9,707.9032,-49.003174
16942,618.29,671.0793,-52.789307
16943,583.65,637.1121,-53.462097
16944,509.96,612.63745,-102.67746
16945,486.2,551.3614,-65.16138
16946,450.69,504.596,-53.906006
16947,547.3,489.3343,57.9657
16948,571.97,496.8295,75.14047
16949,530.64,508.58936,22.05066
16950,611.55,519.90753,91.642456
16951,579.26,531.21967,48.040344
16952,592.72,522.6877,70.03229
16953,557.65,499.9638,57.68622
16954,490.27,458.43115,31.838837
16955,438.63,417.74832,20.881683
16956,424.79004,393.02832,31.761719
16957,393.14,388.7268,4.413208
16958,405.49,404.891,0.598999
16959,439.93,439.01038,0.9196167
16960,539.74,484.8329,54.907104
16961,581.07,546.22034,34.84967
16962,579.39,592.2697,-12.8797
16963,641.96,601.7519,40.20813
16964,630.56,586.7075,43.852478
16965,560.26,555.8613,4.3986816
16966,525.03,533.7168,-8.686768
16967,531.22,532.7709,-1.5509033
16968,602.09,564.03143,38.058594
16969,586.61,601.6307,-15.020691
16970,609.01,600.9447,8.065308
16971,609.15,600.1087,9.041321
16972,616.09,605.0245,11.065552
16973,588.06,623.8868,-35.826782
16974,685.79,658.7093,27.080688
16975,683.15,675.96625,7.183777
16976,710.9,670.8495,40.050537
16977,653.63,639.7012,13.928833
16978,614.45,579.9764,34.473633
16979,569.58,539.2561,30.323914
16980,503.52,524.0564,-20.536407
16981,555.23,520.887,34.342957
16982,543.73,537.9143,5.815674
16983,559.62,567.73254,-8.112549
16984,589.21,619.30664,-30.096619
16985,657.77,681.50854,-23.738525
16986,657.24,733.5507,-76.31073
16987,748.22,747.5678,0.65216064
16988,720.49,730.1298,-9.639832
16989,701.9,700.38544,1.5145874
16990,630.3,666.72375,-36.423767
16991,620.26,632.4939,-12.233887
16992,615.23,606.37744,8.852539
16993,618.6,602.89667,15.703308
16994,613.82,603.6998,10.120178
16995,600.55,610.56433,-10.014343
16996,618.18,624.2877,-6.107727
16997,627.1,650.1675,-23.067505
16998,635.35,673.0122,-37.66223
16999,672.71,678.10846,-5.3984375
17000,671.22,655.90625,15.313721
17001,633.46,619.1366,14.323425
17002,584.3,571.7793,12.520691
17003,575.26,540.8805,34.379517
17004,548.38,527.88477,20.49524
17005,515.92,527.59534,-11.675354
17006,585.75,541.6112,44.138794
17007,559.5,579.69775,-20.197754
17008,587.78,630.10675,-42.32672
17009,633.47,694.37054,-60.900574
17010,726.53,736.57,-10.039978
17011,736.2,741.1967,-4.996704
17012,721.53,719.0525,2.477539
17013,719.03,686.7819,32.248108
17014,630.9,651.3221,-20.422058
17015,629.46,615.87897,13.581055
17016,625.63,588.17554,37.454468
17017,597.08,587.0754,10.004639
17018,621.11,594.1993,26.910706
17019,633.48,607.2686,26.211365
17020,636.0,619.45386,16.546143
17021,667.87,639.8342,28.035767
17022,699.75,669.33606,30.41394
17023,691.99,681.2198,10.770203
17024,648.6,668.2846,-19.684631
17025,718.86,625.4595,93.40051
17026,567.44,579.89575,-12.4557495
17027,539.29,546.20667,-6.916687
17028,561.86,527.25635,34.603638
17029,541.65,537.0095,4.640503
17030,552.51,558.31,-5.799988
17031,583.31,596.41724,-13.107239
17032,612.4,652.1532,-39.753174
17033,638.69,705.5912,-66.901184
17034,728.49,743.65753,-15.1675415
17035,733.97,754.30365,-20.33368
17036,729.48,736.09753,-6.6175537
17037,687.44,703.59674,-16.156738
17038,626.33,661.6059,-35.27588
17039,645.25,589.64526,55.604736
17040,465.67,494.2728,-28.602783
17041,509.57,483.30933,26.260681
17042,557.12,492.34875,64.77124
17043,494.18,494.61313,-0.433136
17044,491.47,499.43866,-7.9686584
17045,531.47,512.78595,18.684021
17046,551.09,529.57886,21.51117
17047,560.34,539.17737,21.162659
17048,551.04,537.67566,13.364319
17049,503.44,508.76233,-5.3223267
17050,451.92,475.9312,-24.0112
17051,411.86,449.6369,-37.776917
17052,443.6,434.17947,9.420532
17053,444.42,430.5536,13.866425
17054,445.74,441.4696,4.2703857
17055,467.57,461.3388,6.231201
17056,490.18,498.71368,-8.533691
17057,565.55,550.3368,15.213196
17058,550.97,602.24585,-51.27588
17059,606.79,638.76324,-31.973267
17060,565.5,641.0341,-75.53412
17061,574.56,614.98456,-40.42456
17062,536.89,573.6361,-36.746094
17063,562.27,533.51575,28.754272
17064,526.31,506.2011,20.108887
17065,507.34,487.22913,20.11087
17066,486.79,491.1153,-4.325287
17067,471.99,497.66248,-25.672485
17068,558.59,504.24298,54.347046
17069,522.94,513.362,9.578003
17070,561.47,523.20734,38.262634
17071,539.41,525.2658,14.144165
17072,599.28,515.6087,83.671326
17073,517.2,489.92505,27.274963
17074,463.33,454.529,8.800995
17075,452.69,424.11584,28.574158
17076,462.99,407.30984,55.680145
17077,413.38,406.04913,7.3308716
17078,435.81,418.68085,17.12915
17079,475.75,448.29034,27.459656
17080,510.1,495.20715,14.892853
17081,531.2,547.53314,-16.33313
17082,632.72,591.50256,41.217407
17083,618.92,627.98303,-9.063049
17084,578.45,625.2877,-46.837708
17085,608.0,600.37775,7.6222534
17086,552.04,562.7915,-10.751526
17087,521.0,536.6572,-15.657227
17088,648.19,571.97656,76.21344
17089,642.51,611.47235,31.037659
17090,582.89,608.08386,-25.193848
17091,612.49,600.61914,11.87085
17092,585.05,608.6415,-23.591492
17093,637.69,631.06323,6.62677
17094,675.05,658.4964,16.553589
17095,651.93,673.74786,-21.817871
17096,690.71,676.6633,14.046692
17097,617.93,646.0845,-28.15448
17098,611.74,594.6841,17.055908
17099,604.13,554.6189,49.51111
17100,556.73,535.94196,20.788025
17101,524.88,528.89734,-4.017334
17102,569.33,541.12555,28.204468
17103,571.81,570.14685,1.663147
17104,575.41,623.916,-48.506042
17105,636.08,685.3441,-49.2641
17106,714.5,734.39685,-19.89685
17107,767.54,747.88477,19.655212
17108,705.84,730.5352,-24.69519
17109,696.36,697.8453,-1.4852905
17110,635.68,661.89075,-26.210754
17111,639.51,627.7508,11.759216
17112,572.32,604.3367,-32.016663
17113,634.74,600.22546,34.514526
17114,637.5,605.70996,31.79004
17115,604.53,618.10065,-13.570618
17116,651.52,635.7959,15.724121
17117,571.68,663.8889,-92.20892
17118,648.6,683.2785,-34.678528
17119,697.38,686.1877,11.192322
17120,663.33,655.6029,7.727112
17121,581.44,605.7333,-24.293274
17122,581.66,557.1631,24.496887
17123,528.01,533.0603,-5.050293
17124,569.2,522.2186,46.981384
17125,489.45,534.1304,-44.68036
17126,546.93,561.9154,-14.985413
17127,500.66,600.9574,-100.29739
17128,602.08,645.6229,-43.542908
17129,629.25,711.249,-81.99902
17130,705.6,750.18604,-44.58606
17131,699.95,756.2675,-56.317505
17132,700.39,733.4704,-33.080383
17133,686.54,699.6114,-13.071411
17134,666.39,667.05963,-0.6696167
17135,622.46,634.3121,-11.852051
17136,609.05,610.5893,-1.5393066
17137,629.41,605.65533,23.754639
17138,584.94,606.46576,-21.525757
17139,625.9,608.4373,17.462708
17140,612.68,621.7896,-9.109619
17141,683.82,646.6998,37.12018
17142,641.91,674.46136,-32.55139
17143,639.05,679.5045,-40.45453
17144,660.33,652.6489,7.6810913
17145,618.81,609.53186,9.278137
17146,614.11,564.66455,49.445435
17147,544.62,539.3176,5.302368
17148,543.68,528.1338,15.546204
17149,563.45,528.90784,34.542175
17150,584.79,551.1605,33.629456
17151,583.04,584.8615,-1.8215332
17152,596.13,640.4925,-44.362488
17153,651.09,706.31305,-55.223022
17154,701.73,747.7307,-46.000732
17155,692.16,748.1169,-55.95691
17156,748.35,723.90027,24.449707
17157,700.21,701.33746,-1.1274414
17158,643.01,674.5071,-31.49707
17159,600.43,642.6115,-42.18152
17160,577.1,618.2347,-41.134705
17161,615.98,611.35315,4.626831
17162,640.36,618.22705,22.132935
17163,565.86,638.4005,-72.54053
17164,618.34,639.2538,-20.913757
17165,601.63,663.0915,-61.461487
17166,637.57,679.50006,-41.930054
17167,669.47,684.347,-14.877014
17168,705.61,660.3354,45.274597
17169,632.83,620.98114,11.848877
17170,622.18,568.6944,53.485596
17171,540.86,540.0776,0.78240967
17172,547.03,522.5079,24.522156
17173,530.32,525.61346,4.706543
17174,593.43,541.1388,52.2912
17175,575.15,575.702,-0.55200195
17176,620.96,634.318,-13.357971
17177,667.32,699.12494,-31.804932
17178,699.05,744.563,-45.513
17179,694.49,753.4072,-58.917236
17180,707.22,732.3571,-25.137146
17181,696.74,699.6311,-2.8911133
17182,642.25,664.6279,-22.37793
17183,628.45,627.7741,0.6759033
17184,598.54,597.15454,1.385437
17185,602.03,592.39014,9.639893
17186,584.88,594.7395,-9.859497
17187,628.16,598.9848,29.17517
17188,631.64,610.05194,21.588074
17189,669.91,631.4719,38.43805
17190,641.44,657.51184,-16.071838
17191,730.23,668.6459,61.584106
17192,661.52,656.1267,5.3933105
17193,586.95,618.86163,-31.911621
17194,612.72,568.7139,44.006042
17195,579.62,533.56366,46.056335
17196,512.78,524.6666,-11.886597
17197,501.3,526.3675,-25.067505
17198,484.43,547.5137,-63.08368
17199,533.68,586.9366,-53.25659
17200,592.2,642.3263,-50.12628
17201,679.08,702.76587,-23.685852
17202,715.57,745.8311,-30.261108
17203,732.83,754.8369,-22.006897
17204,699.28,734.7338,-35.453796
17205,679.1,695.7836,-16.683655
17206,661.24,650.2871,10.952881
17207,638.22,573.00745,65.212524
17208,493.1,487.1533,5.9467163
17209,518.6,494.63397,23.966003
17210,467.1,500.68298,-33.582977
17211,480.04,504.01648,-23.97647
17212,530.11,504.909,25.200989
17213,513.05,514.11066,-1.060669
17214,550.48,533.3401,17.139893
17215,564.58,542.7005,21.879517
17216,572.38,542.28827,30.091736
17217,521.05,519.685,1.3649902
17218,523.79,483.12225,40.667725
17219,438.16,450.01733,-11.85733
17220,444.12,429.90692,14.213074
17221,375.12,434.22565,-59.10565
17222,410.16003,446.107,-35.94696
17223,438.92,468.59387,-29.673859
17224,492.38,502.68417,-10.304169
17225,506.63,546.42896,-39.79895
17226,600.74,608.1199,-7.379883
17227,577.57,651.39813,-73.828125
17228,577.62,647.5501,-69.930115
17229,535.7,618.416,-82.716
17230,535.96,576.09436,-40.13434
17231,493.66,543.3872,-49.727203
17232,496.81,518.76715,-21.957153
17233,461.75,497.06018,-35.31018
17234,460.13,497.16913,-37.039124
17235,489.75,502.85428,-13.104279
17236,542.62,508.31186,34.308136
17237,496.92,519.66315,-22.743134
17238,553.08,529.8874,23.192627
17239,564.31,528.0125,36.297485
17240,576.94,518.5161,58.42389
17241,501.9,494.91034,6.9896545
17242,486.03,458.1925,27.837494
17243,470.8,432.406,38.393982
17244,447.99,416.28714,31.70285
17245,416.57,410.2119,6.3580933
17246,443.95,419.06372,24.886292
17247,448.49,445.09897,3.3910217
17248,513.27,484.39905,28.870972
17249,500.24,544.4807,-44.240723
17250,627.55,597.4624,30.087585
17251,592.68,627.32587,-34.645874
17252,598.57,626.1729,-27.602905
17253,592.93,599.51385,-6.5838623
17254,556.18,566.4798,-10.299805
17255,484.5,540.0534,-55.553406
17256,605.68,579.7171,25.96289
17257,631.31,612.7863,18.523682
17258,618.21,610.3725,7.8375244
17259,579.91,605.9633,-26.053345
17260,610.8,612.4215,-1.621521
17261,647.01,629.78076,17.229248
17262,655.76,656.0607,-0.3007202
17263,669.12,672.355,-3.2349854
17264,676.53,669.92456,6.6054688
17265,683.72,647.658,36.06195
17266,600.79,609.0285,-8.238525
17267,521.52,571.3482,-49.828186
17268,506.35,544.2906,-37.940582
17269,550.87,537.01154,13.858459
17270,545.33,548.41,-3.079956
17271,565.09,575.77014,-10.680115
17272,624.05,620.11224,3.9377441
17273,692.19,686.4176,5.7724
17274,731.09,733.1139,-2.0238647
17275,722.72,753.6958,-30.97583
17276,710.04,743.9837,-33.943726
17277,691.07,713.7159,-22.645874
17278,600.59,675.4706,-74.880554
17279,667.35,640.1162,27.233765
17280,593.18,612.2783,-19.098328
17281,583.22,604.8254,-21.605408
17282,613.95,613.15186,0.79815674
17283,595.42,615.32837,-19.908386
17284,661.09,627.10455,33.985474
17285,640.04,653.73254,-13.692566
17286,656.31,676.0011,-19.691101
17287,703.36,678.9871,24.372864
17288,633.35,657.80194,-24.451965
17289,634.99,606.14886,28.841125
17290,604.1,562.1283,41.97168
17291,550.22,537.7579,12.462097
17292,501.28,527.2949,-26.014923
17293,525.99,536.3605,-10.370483
17294,517.92,562.8107,-44.890747
17295,562.67,603.70044,-41.030457
17296,621.91,660.895,-38.985046
17297,693.12,717.7175,-24.597534
17298,722.98,748.32,-25.340027
17299,716.95,746.39014,-29.440125
17300,702.59,720.37665,-17.786621
17301,698.9,688.87805,10.021973
17302,641.15,656.1081,-14.958069
17303,621.82,622.6095,-0.78948975
17304,627.21,596.4875,30.722534
17305,621.83,599.6982,22.131836
17306,582.95,603.727,-20.776978
17307,599.86,619.7754,-19.915405
17308,656.96,628.16223,28.79779
17309,644.77,657.1634,-12.393372
17310,692.93,678.38354,14.546448
17311,630.37,685.34894,-54.978943
17312,659.48,657.1949,2.2850952
17313,641.23,608.9244,32.305603
17314,609.43,564.3239,45.10608
17315,587.29,534.6011,52.688904
17316,519.89,524.55225,-4.6622314
17317,528.88,530.1626,-1.2825928
17318,541.54,555.39795,-13.857971
17319,588.2,596.6103,-8.410278
17320,567.32,652.7742,-85.45416
17321,604.48,713.9995,-109.51953
17322,705.28,748.04034,-42.760315
17323,726.19,755.70135,-29.511353
17324,719.02,737.2949,-18.274902
17325,670.9,706.405,-35.505005
17326,668.53,670.44073,-1.9107056
17327,636.74,633.6978,3.0421753
17328,599.21,605.38214,-6.172119
17329,604.63,599.7954,4.8345947
17330,570.35,600.3099,-29.9599
17331,665.3,606.3377,58.96228
17332,613.75,619.1891,-5.439087
17333,650.9,640.45264,10.447388
17334,656.95,663.8068,-6.8568115
17335,684.64,668.93866,15.701355
17336,675.04,656.4358,18.604187
17337,602.88,623.7615,-20.88147
17338,607.12,580.3697,26.750305
17339,551.36,546.2888,5.071167
17340,571.42,527.2637,44.15631
17341,536.9,526.3384,10.5616455
17342,542.11,537.19617,4.9138184
17343,598.64,568.7004,29.939636
17344,632.12,618.93896,13.18103
17345,637.82,683.71844,-45.898438
17346,698.09,740.4407,-42.350647
17347,692.75,749.60474,-56.854736
17348,710.18,725.35455,-15.174561
17349,689.29,692.9213,-3.6313477
17350,630.94,659.3433,-28.40332
17351,622.12,627.1813,-5.0612793
17352,546.44,601.2307,-54.79071
17353,509.38,531.8674,-22.487366
17354,507.1,487.11908,19.980927
17355,513.82,476.998,36.82202
17356,529.99,481.2621,48.727905
17357,489.38,490.73065,-1.350647
17358,565.03,503.68433,61.345703
17359,567.24,515.5456,51.694397
17360,580.12,515.53784,64.58215
17361,529.37,498.74756,30.622437
17362,536.4,466.71912,69.68091
17363,466.67,430.99524,35.674774
17364,476.42,404.36774,72.05228
17365,406.4,397.79297,8.607025
17366,458.12,415.07297,43.047028
17367,506.92,452.87122,54.048798
17368,464.63,504.40067,-39.77066
17369,600.63,558.1998,42.430176
17370,638.19,600.22534,37.96466
17371,624.56,611.2323,13.327698
17372,615.06,588.571,26.489014
17373,606.19,545.3319,60.858093
17374,583.52,519.0271,64.49292
17375,496.41,556.0771,-59.667084
17376,515.34,581.1813,-65.84125
17377,466.76,574.0516,-107.291565
17378,505.32,548.868,-43.547974
17379,463.09,532.3887,-69.298676
17380,482.67,524.87885,-42.20883
17381,578.22,531.01245,47.20752
17382,567.39,547.05804,20.33197
17383,522.27,564.1867,-41.916687
17384,538.19,552.48895,-14.29895
17385,512.0,521.2794,-9.279419
17386,475.48,482.71646,-7.23645
17387,446.3,447.86707,-1.5670776
17388,389.58,429.47052,-39.890533
17389,395.93,420.59894,-24.668945
17390,435.29,427.98132,7.3086853
17391,437.91,444.20752,-6.297516
17392,543.17,476.86832,66.30167
17393,525.58,524.894,0.68603516
17394,594.64,573.41675,21.223267
17395,623.56,609.01,14.549988
17396,590.5,621.89514,-31.395142
17397,558.35,604.61017,-46.260193
17398,557.59,571.8759,-14.285889
17399,499.95,534.9477,-34.99768
17400,513.31,525.604,-12.294006
17401,494.35,526.43225,-32.082245
17402,517.42,528.7216,-11.301636
17403,470.84,527.08875,-56.24875
17404,507.69,525.8953,-18.205322
17405,511.16,531.09125,-19.931244
17406,588.05,535.1553,52.894714
17407,574.36,533.7538,40.6062
17408,543.65,514.6677,28.9823
17409,507.86,479.77094,28.08905
17410,456.05,446.3094,9.740601
17411,428.22998,417.09097,11.139008
17412,438.22,403.91968,34.300323
17413,487.13,406.61792,80.512085
17414,437.07,425.49274,11.5772705
17415,401.25,459.1008,-57.8508
17416,524.4,508.4842,15.9158325
17417,560.14,572.4141,-12.274109
17418,579.81,613.58905,-33.779053
17419,625.41,633.1239,-7.713928
17420,610.82,621.06104,-10.241028
17421,584.13,589.8193,-5.68927
17422,507.29,553.4005,-46.110504
17423,526.36,532.0482,-5.6882324
17424,569.22,572.63074,-3.4107666
17425,579.76,599.17255,-19.412537
17426,608.8,596.6049,12.195068
17427,595.23,595.2306,-0.00061035156
17428,609.92,609.1668,0.7531738
17429,641.15,631.8614,9.288635
17430,658.07,661.51056,-3.4405518
17431,642.66,676.22595,-33.56598
17432,669.43,668.1738,1.2561646
17433,642.65,636.60425,6.0457764
17434,595.93,590.23596,5.694031
17435,605.54,552.625,52.914978
17436,536.96,543.18506,-6.2250366
17437,586.57,542.31604,44.253967
17438,493.98,558.4521,-64.47208
17439,581.66,589.6704,-8.010437
17440,605.38,641.96936,-36.589355
17441,639.6,701.13434,-61.534363
17442,748.88,742.5766,6.303406
17443,688.04,753.2045,-65.16455
17444,737.43,738.1693,-0.73931885
17445,694.03,706.15546,-12.125427
17446,657.59,668.6293,-11.039246
17447,614.94,631.74646,-16.806458
17448,636.86,603.88544,32.97455
17449,611.97,602.9964,8.973572
17450,624.74,608.23914,16.500854
17451,571.65,617.2227,-45.572693
17452,599.73,633.5953,-33.865295
17453,634.78,658.0033,-23.223267
17454,675.93,677.89667,-1.9666748
17455,625.23,686.6169,-61.3869
17456,632.2,652.2912,-20.091187
17457,650.91,607.34705,43.562927
17458,581.7,570.2383,11.461731
17459,552.43,540.42474,12.005249
17460,550.32,526.4279,23.89209
17461,564.45,530.1837,34.266296
17462,508.59,550.2308,-41.640778
17463,544.62,584.40094,-39.780945
17464,589.57,629.2438,-39.673767
17465,677.28,686.19415,-8.914124
17466,683.02,737.49036,-54.470337
17467,725.85,751.073,-25.223022
17468,685.06,736.6836,-51.623596
17469,692.16,705.4201,-13.260132
17470,665.58,670.76685,-5.1868286
17471,619.24,636.0035,-16.763489
17472,589.76,608.3202,-18.56018
17473,593.73,606.25366,-12.523682
17474,601.68,607.268,-5.5880127
17475,631.9,615.7519,16.148132
17476,617.45,623.5199,-6.0698853
17477,658.33,649.0524,9.277588
17478,653.18,674.84955,-21.669556
17479,669.82,687.2395,-17.419495
17480,718.33,664.5163,53.81372
17481,634.52,617.7926,16.727417
17482,576.05,568.4135,7.6364746
17483,543.43,539.20764,4.222351
17484,552.2,523.6587,28.54132
17485,539.35,526.4627,12.887268
17486,541.76,544.9571,-3.1970825
17487,561.63,580.8038,-19.173767
17488,619.11,627.26495,-8.154968
17489,686.51,693.4383,-6.9282837
17490,721.27,744.3032,-23.033203
17491,721.21,750.3989,-29.188904
17492,697.88,726.23645,-28.356445
17493,698.82,692.1688,6.651184
17494,617.54,656.035,-38.494995
17495,624.19,624.0552,0.13482666
17496,588.75,600.7525,-12.002502
17497,589.72,599.1653,-9.4453125
17498,623.97,606.17126,17.798706
17499,608.96,612.7376,-3.777588
17500,644.13,629.0871,15.042908
17501,624.63,656.99243,-32.362427
17502,673.69,676.2317,-2.541687
17503,635.65,684.49634,-48.846313
17504,685.18,662.0861,23.093872
17505,609.36,620.3405,-10.98053
17506,585.97,571.21497,14.755005
17507,568.72,540.49646,28.22351
17508,499.69,526.44965,-26.759644
17509,551.62,529.94086,21.679138
17510,537.09,547.3209,-10.230896
17511,542.85,579.98724,-37.137268
17512,608.39,630.7709,-22.38086
17513,664.63,698.5968,-33.966797
17514,755.52,745.7563,9.763733
17515,693.28,746.97235,-53.69232
17516,699.02,722.7597,-23.739685
17517,706.51,691.083,15.427002
17518,644.4,657.69415,-13.294128
17519,635.14,624.5373,10.602722
