timestamp,valor,variable,motivo
2025-07-12 22:00:00,116.56,humedad_pct,Fuera de rango de revisión
2025-07-14 02:00:00,-2.35,humedad_pct,Fuera de rango de revisión
2025-12-11 05:00:00,127.57,humedad_pct,Fuera de rango de revisión
2026-01-19 13:00:00,114.2,humedad_pct,Fuera de rango de revisión
2026-02-06 03:00:00,-0.05,humedad_pct,Fuera de rango de revisión
2026-05-26 01:00:00,110.36,humedad_pct,Fuera de rango de revisión
2026-08-15 21:00:00,115.19,humedad_pct,Fuera de rango de revisión
2026-08-25 12:00:00,129.69,humedad_pct,Fuera de rango de revisión
2026-08-28 07:00:00,120.81,humedad_pct,Fuera de rango de revisión
2025-04-08 23:00:00,-8.6,viento_kmh,Fuera de rango de revisión
2025-05-03 11:00:00,-12.2,viento_kmh,Fuera de rango de revisión
2025-05-21 03:00:00,-9.38,viento_kmh,Fuera de rango de revisión
2026-01-23 02:00:00,-0.82,viento_kmh,Fuera de rango de revisión
2026-05-27 20:00:00,-4.46,viento_kmh,Fuera de rango de revisión
2026-06-15 09:00:00,-1.18,viento_kmh,Fuera de rango de revisión
2026-09-19 02:00:00,-1.58,viento_kmh,Fuera de rango de revisión
2026-12-09 20:00:00,-5.31,viento_kmh,Fuera de rango de revisión
2025-10-24 06:00:00,-4.17,precio_kwh,Fuera de rango de revisión
2025-12-06 12:00:00,-3.39,precio_kwh,Fuera de rango de revisión
2026-09-30 10:00:00,-3.18,precio_kwh,Fuera de rango de revisión
