Modelo,Ventana,MAE,MSE,RMSE,MAPE,R2,Epocas,Mejor_epoca,Loss_train_final,Loss_val_final
base,12,23.899822235107422,1213.5419921875,34.83592961566406,4.3863044,0.8268063068389893,32,24,0.15132735669612885,0.17600460350513458
profunda,12,26.442588806152344,1405.3172607421875,37.48756141365009,4.758249,0.799436628818512,28,20,0.14757879078388214,0.1919497549533844
propuesta,12,24.011823654174805,1218.712646484375,34.910065117160336,4.4021244,0.8260684013366699,38,30,0.1623474508523941,0.1739957332611084
base,24,25.724445343017578,1368.86572265625,36.998185396803585,4.6385517,0.8046389222145081,15,7,0.1661234200000763,0.17301495373249054
profunda,24,29.310758590698242,1620.6376953125,40.25714464927313,5.2819653,0.7687066197395325,23,15,0.1540376991033554,0.18219111859798431
propuesta,24,25.367633819580078,1316.21142578125,36.27962824756133,4.6084332,0.8121535778045654,33,25,0.17017343640327454,0.1708797812461853
base,48,27.289752960205078,1515.528076171875,38.92978392146397,4.951878,0.7837076187133789,38,30,0.1518160104751587,0.18497377634048462
profunda,48,25.871885299682617,1341.4857177734375,36.62629817185239,4.6651106,0.8085465431213379,28,20,0.14944447576999664,0.18860097229480743
propuesta,48,23.20060920715332,1160.6097412109375,34.06772286506595,4.270511,0.8343607187271118,33,25,0.17149953544139862,0.1690714955329895
