timestamp,demanda_mw,temperatura_c,humedad_pct,viento_kmh,radiacion_wm2,precipitacion_mm,precio_kwh,hora,dia_semana,fin_semana,festivo,mes,periodo_dia,demanda_objetivo
2025-12-16 06:00:00,656.3,10.88,66.54,17.82,0.0,0.0,25.5304,6,1,0,0,12,mañana,706.48
2025-08-08 23:00:00,733.52,28.73,79.7,9.92,0.0,0.0,21.4839,23,4,0,0,8,noche,583.73
2025-07-29 14:00:00,607.94,26.02,50.62,5.35,667.13,0.0,18.3294,14,1,0,0,7,tarde,649.64
2026-08-13 02:00:00,679.08,22.43,78.31,15.54,0.0,1.78,21.8818,2,3,0,0,8,madrugada,676.39
2026-07-02 16:00:00,679.6,26.39,59.36,,501.76,6.75,27.1698,16,3,0,0,7,tarde,831.05
2026-01-07 22:00:00,663.57,15.37,96.81,11.1,0.0,3.38,19.1155,22,2,0,0,1,noche,629.39
2025-01-23 06:00:00,650.14,8.12,80.97,17.12,11.86,0.0,24.4236,6,3,0,0,1,mañana,673.17
2026-05-24 04:00:00,585.8,24.21,70.45,11.53,0.0,2.16,18.8635,4,6,1,0,5,madrugada,583.11
2025-06-03 17:00:00,781.96,29.92,59.03,5.02,299.78,2.03,29.6022,17,1,0,0,6,tarde,842.05
2025-11-10 13:00:00,512.36,14.62,62.33,10.01,456.99,0.0,18.0567,13,0,0,0,11,tarde,529.8
2026-06-13 23:00:00,634.78,28.59,79.85,17.01,0.0,3.72,21.4975,23,5,1,0,6,noche,641.71
2026-12-20 00:00:00,496.81,11.12,99.44,8.24,0.0,0.0,21.9227,0,6,1,0,12,madrugada,461.75
2025-02-01 00:00:00,531.47,15.73,98.02,12.62,0.0,0.0,22.2446,0,5,1,0,2,madrugada,482.67
2025-04-02 00:00:00,669.71,19.92,94.67,8.93,0.0,0.0,22.4965,0,2,0,0,4,madrugada,681.05
2025-07-27 18:00:00,725.57,28.19,73.77,4.3,0.0,0.0,38.7262,18,6,1,0,7,noche,779.33
2025-12-20 01:00:00,486.13,14.86,100.0,17.22,0.0,1.95,20.4647,1,5,1,0,12,madrugada,514.06
2026-10-29 01:00:00,608.07,15.1,99.97,15.09,0.0,0.0,17.4177,1,3,0,0,10,madrugada,662.55
2026-09-29 03:00:00,624.38,17.51,85.49,13.64,0.0,3.58,15.7675,3,1,0,0,9,madrugada,657.15
2026-11-22 06:00:00,571.19,9.88,74.06,13.21,0.0,5.82,26.3623,6,6,1,0,11,mañana,522.61
2026-08-25 13:00:00,540.49,21.22,57.34,12.61,587.81,0.0,17.8454,13,1,0,0,8,tarde,563.8
2026-02-23 23:00:00,640.9,18.47,90.35,7.92,0.0,4.93,22.5437,23,0,0,0,2,noche,628.06
2026-06-09 06:00:00,800.86,24.4,57.54,13.47,0.0,0.0,25.3073,6,1,0,0,6,mañana,762.85
2025-08-01 01:00:00,734.97,27.82,88.71,8.76,0.0,0.0,23.5982,1,4,0,0,8,madrugada,702.79
2026-08-07 05:00:00,630.34,21.66,66.12,13.01,0.0,0.0,20.5426,5,4,0,1,8,madrugada,613.18
2026-02-01 12:00:00,419.29,12.93,47.13,6.48,477.25,0.0,22.554,12,6,1,0,2,tarde,409.13
2025-02-02 00:00:00,528.93,14.02,91.96,17.2,0.0,1.42,23.5774,0,6,1,0,2,madrugada,504.44
2025-04-21 14:00:00,610.22,22.53,59.39,8.39,610.3,0.0,20.3376,14,0,0,0,4,tarde,635.65
2025-03-07 21:00:00,716.37,20.51,99.36,9.46,0.0,0.0,25.9447,21,4,0,0,3,noche,686.33
2026-10-31 16:00:00,516.1,17.27,73.92,5.38,227.75,0.0,27.8431,16,5,1,0,10,tarde,585.45
2025-06-16 16:00:00,804.13,28.06,62.19,5.0,519.56,1.3,21.3736,16,0,0,0,6,tarde,804.23
