timestamp,demanda_objetivo,demanda_siguiente_real
2025-01-08 12:00:00,510.75,1192.54
2025-01-29 13:00:00,572.47,443.67
2025-05-13 19:00:00,812.78,1092.31
2025-06-04 00:00:00,733.89,844.43
2025-06-16 15:00:00,679.84,804.13
2025-06-22 09:00:00,524.27,160.66
2025-07-23 13:00:00,604.68,1487.53
2025-08-05 20:00:00,832.39,1719.56
2025-08-19 05:00:00,770.05,261.68
2025-08-24 01:00:00,525.14,613.05
2025-08-26 10:00:00,541.74,1256.33
2025-09-02 06:00:00,714.46,480.47
2025-09-05 09:00:00,606.92,468.51
2025-09-12 11:00:00,506.87,1748.94
2025-10-15 05:00:00,687.43,1751.37
2025-10-20 08:00:00,643.63,954.51
2025-11-22 11:00:00,431.06,1365.46
2025-11-30 02:00:00,506.39,968.37
2025-12-02 08:00:00,651.09,340.47
2026-01-05 22:00:00,627.54,1579.48
2026-01-19 19:00:00,751.58,1694.32
2026-01-27 18:00:00,749.87,587.74
2026-02-03 01:00:00,647.91,855.07
2026-02-11 17:00:00,720.75,1775.76
2026-04-13 19:00:00,776.5,94.9
2026-05-09 19:00:00,700.12,1633.08
2026-05-11 20:00:00,739.82,765.13
2026-05-19 08:00:00,682.76,335.96
2026-05-24 19:00:00,721.08,1776.21
2026-06-03 10:00:00,582.55,771.13
2026-06-26 03:00:00,725.66,1165.4
2026-07-03 15:00:00,694.87,329.16
2026-07-10 20:00:00,807.23,1349.41
2026-07-17 04:00:00,708.33,1314.75
2026-08-08 03:00:00,601.86,1643.84
2026-08-13 10:00:00,549.92,357.24
2026-09-09 09:00:00,582.85,884.58
2026-10-06 13:00:00,496.88,132.9
2026-10-06 15:00:00,659.03,1181.62
2026-11-20 17:00:00,704.57,94.58
